Year,Data Source,NPDES Permit Number,FRS ID,Facility Name,City,County,State,Major/Non-Major Status,Facility Latitude,Facility Longitude,SIC Code,4-Digit SIC Code,SIC Description,HUC 12 Code,Watershed Name,Total Pounds (lb/yr),Load Over Limit,Total TWPE (lb-eq/yr),TWPE Over Limit,Avg Concentration (mg/L),Max Concentration (mg/L),Average Flow (MGD),Links to TRI ID,Contains Potential Outliers?,Link to DFR
2013,ICIS,NY0026158,1.10001E+11,NYCDEP - BOWERY BAY WPCP,ASTORIA,QUEENS,NY,Major,40.778405,-73.89459,4952,4952,SEWERAGE SYSTEMS,20301020105,Westchester Creek-East River,4085800,0,0,0,0,0,,,,https://echo.epa.gov/detailed-facility-report?fid=NY0026158&sys=ICP
2013,ICIS,NY0026191,1.10013E+11,HUNTS POINT WATER POLLUTION CONTROL PLANT,BRONX,BRONX,NY,Major,40.803694,-73.885083,4952,4952,SEWERAGE SYSTEMS,20301020105,Westchester Creek-East River,3352100,0,0,0,0,0,,,,https://echo.epa.gov/detailed-facility-report?fid=NY0026191&sys=ICP
2013,ICIS,NY0026239,1.10002E+11,TALLMAN ISLAND WASTEWATER TREATMENT PLANT,COLLEGE POINT,QUEENS,NY,Major,40.795556,-73.839333,4952,4952,SEWERAGE SYSTEMS,20301020105,Westchester Creek-East River,2607300,0,0,0,14.78606607,17.76625863,57.91666667,,,https://echo.epa.gov/detailed-facility-report?fid=NY0026239&sys=ICP
2013,ICIS,MA0101818,1.10002E+11,NORTHAMPTON WASTEWATER TREATMENT PLANT,NORTHAMPTON,HAMPSHIRE,MA,Major,42.313056,-72.623333,4952,4952,SEWERAGE SYSTEMS,10802010610,Dry Brook-Connecticut River,1155281.1,0,0,0,93.72986818,996.2346894,4.008333333,,,https://echo.epa.gov/detailed-facility-report?fid=MA0101818&sys=ICP
2013,ICIS,MA0101613,1.10008E+11,SPRINGFIELD REGIONAL WASTEWATER TREATMENT PLANT,AGAWAM,HAMPDEN,MA,Major,42.087793,-72.588998,4952,4952,SEWERAGE SYSTEMS,10802010702,Stony Brook-Connecticut River,922740.4598,0,0,0,4.103083333,7.615,36.95,,,https://echo.epa.gov/detailed-facility-report?fid=MA0101613&sys=ICP
2013,ICIS,MA0101508,1.10001E+11,CHICOPEE WATER POLLUTION CONTROL,CHICOPEE,HAMPDEN,MA,Major,42.15376,-72.62166,4952,4952,SEWERAGE SYSTEMS,10802040402,Outlet Chicopee River,798382.6,0,0,0,1453.472775,4889.312249,3.804309204,,,https://echo.epa.gov/detailed-facility-report?fid=MA0101508&sys=ICP
2013,ICIS,NY0026697,1.10019E+11,NEW ROCHELLE STP,NEW ROCHELLE,WESTCHESTER,NY,Major,40.913,-73.769361,4952,4952,SEWERAGE SYSTEMS,20301020203,East Creek-Mamaroneck Harbor,697425,0,0,0,0,0,0.002014803,,,https://echo.epa.gov/detailed-facility-report?fid=NY0026697&sys=ICP
2013,ICIS,MA0101681,1.10007E+11,PITTSFIELD WASTEWATER TREATMENT FACILITY,PITTSFIELD,BERKSHIRE,MA,Major,42.407678,-73.24276,4952,4952,SEWERAGE SYSTEMS,11000050104,Sackett Brook-Housatonic River,422572,0,0,0,14.17346228,15.8427283,10.09166667,,,https://echo.epa.gov/detailed-facility-report?fid=MA0101681&sys=ICP
2013,ICIS,MA0101630,1.10001E+11,HOLYOKE WATER POLLUTION CONTROL FACILITY,HOLYOKE,HAMPDEN,MA,Major,42.191041,-72.612574,4952,4952,SEWERAGE SYSTEMS,10802010702,Stony Brook-Connecticut River,282476.0524,0,0,0,9.938333333,14.73,9.391666667,,,https://echo.epa.gov/detailed-facility-report?fid=MA0101630&sys=ICP
2013,ICIS,CT0101249,1.10007E+11,NORWALK WASTEWATER TREATMENT PLANT,NORWALK,FAIRFIELD,CT,Major,41.102216,-73.412604,4952,4952,SEWERAGE SYSTEMS,11000060202,Norwalk River-Frontal Norwalk Harbor,262162,0,0,0,7.216434852,8.64408165,12.23333333,,,https://echo.epa.gov/detailed-facility-report?fid=CT0101249&sys=ICP
2013,ICIS,NY0026786,1.10001E+11,PORT CHESTER  WASTEWATER TREATMENT PLANT,PORT CHESTER,WESTCHESTER,NY,Major,40.992028,-73.658556,4952,4952,SEWERAGE SYSTEMS,11000060403,Byram River,258393,0,0,0,0,0,4.310958904,,,https://echo.epa.gov/detailed-facility-report?fid=NY0026786&sys=ICP
2013,ICIS,NY0026701,1.10019E+11,MAMARONECK (V) SANITARY SD,MAMARONECK,WESTCHESTER,NY,Major,40.946833,-73.733694,4952,4952,SEWERAGE SYSTEMS,20301020202,Sheldrake River-Mamaroneck River,232777,0,0,0,0,0,12.19621212,,,https://echo.epa.gov/detailed-facility-report?fid=NY0026701&sys=ICP
2013,ICIS,CT0100617,1.10001E+11,WALLINGFORD WATER POLLUTION CONTROL FACILITY,WALLINGFORD,NEW HAVEN,CT,Major,41.446099,-72.837583,4952,4952,SEWERAGE SYSTEMS,11000040105,Outlet Quinnipiac River,213448.4039,0,0,0,7.005625,26.2,5.325833333,,,https://echo.epa.gov/detailed-facility-report?fid=CT0100617&sys=ICP
2013,ICIS,CT0003875,1.10002E+11,CRRA MID-CONN FACILITY,HARTFORD,HARTFORD,CT,Major,41.748663,-72.650764,4911,4911,ELECTRICAL SERVICES,10802050505,Goff Brook-Connecticut River,178991.5282,0,0,0,0.433333333,1.063333333,14.30134411,,,https://echo.epa.gov/detailed-facility-report?fid=CT0003875&sys=ICP
2013,ICIS,MA0101214,1.10024E+11,GREENFIELD WATER POLLUTION CONTROL FACILITY,GREENFIELD,FRANKLIN,MA,Major,42.571367,-72.598121,4952,4952,SEWERAGE SYSTEMS,10802030402,Lower Green River,171857.7186,0,0,0,17.10833333,25,3.2675,,,https://echo.epa.gov/detailed-facility-report?fid=MA0101214&sys=ICP
2013,ICIS,MA0100455,1.10001E+11,SOUTH HADLEY WASTEWATER TREATMENT FACILITY,CHICOPEE,HAMPDEN,MA,Major,42.205371,-72.58814,4952,4952,SEWERAGE SYSTEMS,10802010702,Stony Brook-Connecticut River,163512.0273,0,0,0,22.73333333,26.6,2.433333333,,,https://echo.epa.gov/detailed-facility-report?fid=MA0100455&sys=ICP
2013,ICIS,MA0100218,1.1001E+11,AMHERST WASTEWATER TREATMENT PLANT,HADLEY,HAMPSHIRE,MA,Major,42.387696,-72.537382,4952,4952,SEWERAGE SYSTEMS,10802010603,Doolittle Brook-Mill River,155159.8,0,0,0,13.03944427,19.19848699,3.918166667,,,https://echo.epa.gov/detailed-facility-report?fid=MA0100218&sys=ICP
2013,ICIS,CT0000086,1.10051E+11,ALLNEX USA RESINS AND ADDITIVES MANUFACTURING FACILITY,WALLINGFORD,NEW HAVEN,CT,Major,41.435,-72.836389,2821,2821,PLSTC MAT./SYN RESINS/NV ELAST,11000040105,Outlet Quinnipiac River,155043.2704,0,0,0,20.35094501,61.50706283,0.141977025,,,https://echo.epa.gov/detailed-facility-report?fid=CT0000086&sys=ICP
2013,ICIS,CT0100641,1.10001E+11,NAUGATUCK WATER POLLUTION CONTROL FACILITY,NAUGATUCK,NEW HAVEN,CT,Major,41.472975,-73.053986,4952,4952,SEWERAGE SYSTEMS,11000051205,Long Meadow Pond Brook-Naugatuck River,146360.1499,0,0,0,8.558333333,17.1,5.358333333,,,https://echo.epa.gov/detailed-facility-report?fid=CT0100641&sys=ICP
2013,ICIS,MA0100439,1.10024E+11,WEBSTER WASTWATER TREATMENT FACILITY,WEBSTER,WORCESTER,MA,Major,42.038576,-71.888022,4952,4952,SEWERAGE SYSTEMS,11000010203,Middle French River,130865.9741,0,0,0,4.597638889,6.94,2.828083333,,,https://echo.epa.gov/detailed-facility-report?fid=MA0100439&sys=ICP
2013,ICIS,MA0100994,1.10044E+11,GARDNER WWTF,EAST TEMPLETON,WORCESTER,MA,Major,42.5698,-72.0201,4952,4952,SEWERAGE SYSTEMS,10802020201,Otter River,113213,0,0,0,13.12361698,18.88910562,2.873333333,,,https://echo.epa.gov/detailed-facility-report?fid=MA0100994&sys=ICP
2013,ICIS,CT0101001,1.10056E+11,WILLIMANTIC WPCF,WILLIMANTIC,WINDHAM,CT,Major,41.71599,-72.19466,4952,4952,SEWERAGE SYSTEMS,11000020206,Sawmill Brook-Natchaug River,105662.5753,0,0,0,23.46,90,1.925833333,,,https://echo.epa.gov/detailed-facility-report?fid=CT0101001&sys=ICP
2013,ICIS,CT0003760,1.10001E+11,PSEG FOSSIL LLC/ POWER CT LLC,NEW HAVEN,NEW HAVEN,CT,Major,41.283986,-72.904546,4911,4911,ELECTRICAL SERVICES,11000040208,Indian River-Frontal Long Island Sound,102635.9078,0,0,0,0.097638889,0.405,23.844409,,,https://echo.epa.gov/detailed-facility-report?fid=CT0003760&sys=ICP
2013,ICIS,MA0101800,1.10024E+11,WESTFIELD WASTEWATER TREATMENT PLANT,WESTFIELD,HAMPDEN,MA,Non-Major,42.125314,-72.730211,4952,4952,SEWERAGE SYSTEMS,10802060301,Moose Meadow Brook-Westfield River,94261.8,0,0,0,10.32820552,15.13269006,3.033333333,,,https://echo.epa.gov/detailed-facility-report?fid=MA0101800&sys=ICP
2013,ICIS,NY0022128,1.10065E+11,GREAT NECK (V) WPCP,GREAT NECK,NASSAU,NY,Major,40.797539,-73.713261,4952,4952,SEWERAGE SYSTEMS,20302010102,Mitchells Creek-Manhassett Bay,94040,0,0,0,0,0,,,,https://echo.epa.gov/detailed-facility-report?fid=NY0022128&sys=ICP
2013,ICIS,MA0101478,1.10001E+11,EASTHAMPTON WASTEWATER TREATMENT PLANT,EASTHAMPTON,HAMPSHIRE,MA,Major,42.277698,-72.648897,4952,4952,SEWERAGE SYSTEMS,10802010609,Lower Manhan River,81316.2,0,0,0,9.557469922,36.50779968,1.033333333,,,https://echo.epa.gov/detailed-facility-report?fid=MA0101478&sys=ICP
2013,ICIS,MA0101168,1.1001E+11,PALMER WATER POLLUTION CONTROL FACILITY,PALMER (THREE RIVERS),HAMPDEN,MA,Major,42.185311,-72.362228,4952,4952,SEWERAGE SYSTEMS,10802040207,Danforth Brook-Ware River,79085.00048,0,0,0,16.42333333,24.5,1.591666667,,,https://echo.epa.gov/detailed-facility-report?fid=MA0101168&sys=ICP
2013,ICIS,NY0026719,1.10001E+11,BLIND BROOK SD WWTP,RYE,WESTCHESTER,NY,Major,40.96475,-73.690778,4952,4952,SEWERAGE SYSTEMS,11000060405,Blind Brook-Horseneck Brook,71724,0,0,0,8.113287902,10.15608273,2.983333333,,,https://echo.epa.gov/detailed-facility-report?fid=NY0026719&sys=ICP
2013,ICIS,NY0026620,1.10001E+11,GLEN COVE WASTEWATER TREATMENT FACILITY,GLEN COVE,NASSAU,NY,Major,40.858722,-73.641667,4952,4952,SEWERAGE SYSTEMS,20302010103,Glen Cove Creek-Hempstead Harbor,70695.91036,0,0,0,2.638888889,3.233333333,2.941666667,,,https://echo.epa.gov/detailed-facility-report?fid=NY0026620&sys=ICP
2013,ICIS,NY0026778,1.10002E+11,WATER POLL CONTR DIST,PORT WASHINGTON,NASSAU,NY,Major,40.83944,-73.69721,4952,4952,SEWERAGE SYSTEMS,20302010102,Mitchells Creek-Manhassett Bay,52413,0,0,0,6.714979808,14.61791233,2.566666667,,,https://echo.epa.gov/detailed-facility-report?fid=NY0026778&sys=ICP
2013,ICIS,MA0000671,1.10002E+11,CRANE WASTEWATER TREATEMENT PLANT,DALTON,BERKSHIRE,MA,Major,42.46776,-73.18482,2621,2621,PAPER MILLS,11000050103,East Branch Housatonic River,50540,0,0,0,5.344783021,8.541931851,3.099583333,,,https://echo.epa.gov/detailed-facility-report?fid=MA0000671&sys=ICP
2013,ICIS,VT0000248,1.10001E+11,FIBERMARK,BRATTLEBORO,WINDHAM,VT,Major,42.888826,-72.546158,,,,10801070505,Catsbane Brook-Connecticut River,46669.32763,0,0,0,13.50833333,38,1.164166667,,,https://echo.epa.gov/detailed-facility-report?fid=VT0000248&sys=ICP
2013,ICIS,CT0101087,1.10056E+11,STAMFORD WATER POLLUTION CONTROL FACILITY,STAMFORD,FAIRFIELD,CT,Major,41.046247,-73.52996,4952,4952,SEWERAGE SYSTEMS,11000060404,Fivemile River,44086.35944,0,0,0,0.840833333,3,15.14166667,,,https://echo.epa.gov/detailed-facility-report?fid=CT0101087&sys=ICP
2013,ICIS,MA0101524,1.10001E+11,GREAT BARRINGTON WASTEWATER TREATMENT FACILITY,GREAT BARRINGTON,BERKSHIRE,MA,Major,42.18994,-73.35709,4952,4952,SEWERAGE SYSTEMS,11000050204,Ironwork Brook-Housatonic River,42245.81312,0,0,0,4.686138889,9.546666667,0.838333333,,,https://echo.epa.gov/detailed-facility-report?fid=MA0101524&sys=ICP
2013,ICIS,MA0110264,1.10007E+11,"AUSTRALIS AQUACULTURE, LLC",MONTAGUE (TURNERS FALLS),FRANKLIN,MA,Non-Major,42.59159,-72.5291,921,921,FISH HATCHERIES AND PRESERVES,10802010503,Dry Brook-Connecticut River,41361.06,0,0,0,95.91315947,112.0563971,0.141666667,,,https://echo.epa.gov/detailed-facility-report?fid=MA0110264&sys=ICP
2013,ICIS,NHG580099,1.10002E+11,HANOVER WASTEWATER TREATMENT FACILITY,HANOVER,GRAFTON,NH,Non-Major,43.69523,-72.297549,4952,4952,SEWERAGE SYSTEMS,10801040401,Mink Brook,39696.55767,0,0,0,33.73333333,33.73333333,1.227583333,,,https://echo.epa.gov/detailed-facility-report?fid=NHG580099&sys=ICP
2013,ICIS,CT0100218,1.10001E+11,FARMINGTON WPCF,FARMINGTON,HARTFORD,CT,Major,41.728989,-72.828711,4952,4952,SEWERAGE SYSTEMS,10802070405,Roaring Brook-Farmington River,31686.40592,0,0,0,2.78,3.4,3.725,,,https://echo.epa.gov/detailed-facility-report?fid=CT0100218&sys=ICP
2013,ICIS,NH0100200,1.10007E+11,NEWPORT WASTEWATER TREATMENT FACILITY,NEWPORT,SULLIVAN,NH,Major,43.376645,-72.181957,4952,4952,SEWERAGE SYSTEMS,10801060405,Long Pond Brook-Sugar River,31574.20331,0,0,0,15.75833333,31,0.679166667,,,https://echo.epa.gov/detailed-facility-report?fid=NH0100200&sys=ICP
2013,ICIS,MA0103152,1.10007E+11,BARRE WASTEWATER TREATMENT FACILITY,BARRE,WORCESTER,MA,Non-Major,42.37624,-72.12048,4952,4952,SEWERAGE SYSTEMS,10802040205,Winimusset Brook-Ware River,30097.52,0,0,0,52.84314898,86.14802582,0.181666667,,,https://echo.epa.gov/detailed-facility-report?fid=MA0103152&sys=ICP
2013,ICIS,MA0100137,1.10001E+11,MONTAGUE WASTEWATER TREATMENT FACILITY,MONTAGUE,FRANKLIN,MA,Major,42.5808,-72.57232,4952,4952,SEWERAGE SYSTEMS,10802010602,Russellville Brook-Connecticut River,28406,0,0,0,10.2073024,19.52605169,0.9165,,,https://echo.epa.gov/detailed-facility-report?fid=MA0100137&sys=ICP
2013,ICIS,MA0100889,1.10007E+11,WARE WASTEWATER TREATMENT PLANT,WARE,HAMPSHIRE,MA,Major,42.25194,-72.25514,4952,4952,SEWERAGE SYSTEMS,10802040207,Danforth Brook-Ware River,27691.59362,0,0,0,7.557638889,11.76666667,0.5665,,,https://echo.epa.gov/detailed-facility-report?fid=MA0100889&sys=ICP
2013,ICIS,NH0100145,1.10007E+11,LANCASTER WASTEWATER TREATMENT FACILITY,LANCASTER,COOS,NH,Major,44.484948,-71.595363,4952,4952,SEWERAGE SYSTEMS,10801010903,Mink Brook-Connecticut River,27303.08,0,0,0,10.84752967,24.67659122,0.818,,,https://echo.epa.gov/detailed-facility-report?fid=NH0100145&sys=ICP
2013,ICIS,CT0100293,1.10014E+11,HOCKANUM RIVER WATER POLLUTION CONTROL FACILITY,MANCHESTER,HARTFORD,CT,Major,41.777345,-72.561071,4952,4952,SEWERAGE SYSTEMS,10802050402,Lower Hockanum River,26839.73651,0,0,0,1.255714286,2.19,6.4725,,,https://echo.epa.gov/detailed-facility-report?fid=CT0100293&sys=ICP
2013,ICIS,NY0026841,1.10007E+11,BELGRAVE WPCP,GREAT NECK,NASSAU,NY,Major,40.778861,-73.7425,4952,4952,SEWERAGE SYSTEMS,20302010101,Alley Creek-Little Neck Bay,26502.99419,0,0,0,2.069444444,3.431666667,1.420833333,,,https://echo.epa.gov/detailed-facility-report?fid=NY0026841&sys=ICP
2013,ICIS,MA0100099,1.1001E+11,HADLEY WASTEWATER TREATMENT PLANT,HADLEY,HAMPSHIRE,MA,Non-Major,42.32859,-72.586487,4952,4952,SEWERAGE SYSTEMS,10802010610,Dry Brook-Connecticut River,25763.04345,0,0,0,7.773176183,17.29570754,0.3845,,,https://echo.epa.gov/detailed-facility-report?fid=MA0100099&sys=ICP
2013,ICIS,MA0101257,1.10007E+11,ORANGE WASTEWATER TREATMENT PLANT,ORANGE,FRANKLIN,MA,Major,42.59606,-72.33146,4952,4952,SEWERAGE SYSTEMS,10802020205,Mill Brook-Millers River,25172.42465,0,0,0,15.01327957,18.48903226,0.963083333,,,https://echo.epa.gov/detailed-facility-report?fid=MA0101257&sys=ICP
2013,ICIS,NY0206644,1.1001E+11,SUFFOLK CO SD#21 SUNY,STONY BROOK,SUFFOLK,NY,Major,40.924472,-73.121139,4952,4952,SEWERAGE SYSTEMS,20302010304,Mt Sinai Harbor-Port Jefferson Harbor,25043.39056,0,0,0,1.601388889,2.983333333,1.71575,,,https://echo.epa.gov/detailed-facility-report?fid=NY0206644&sys=ICP
2013,ICIS,MA0101061,1.10007E+11,NORTH BROOKFIELD WASTE WATER TREATMENT PLANT,NORTH BROOKFIELD,WORCESTER,MA,Major,42.248876,-72.074475,4952,4952,SEWERAGE SYSTEMS,10802040303,Upper Quaboag River,21507.675,0,0,0,5.349819465,15.55300543,0.34425,,,https://echo.epa.gov/detailed-facility-report?fid=MA0101061&sys=ICP
2013,ICIS,NY0021342,1.10007E+11,HUNTINGTON SEWER DISTRICT STP,HUNTINGTON,SUFFOLK,NY,Major,40.88122,-73.42209,4952,4952,SEWERAGE SYSTEMS,20302010203,Huntington Harbor-Lloyd Harbor,21417.8,0,0,0,1.941182178,3.666846725,1.86395,,,https://echo.epa.gov/detailed-facility-report?fid=NY0021342&sys=ICP
2013,ICIS,NH0100153,1.10001E+11,LITTLETON WASTEWATER TREATMENT PLANT,LITTLETON,GRAFTON,NH,Major,44.30882,-71.79048,4952,4952,SEWERAGE SYSTEMS,10801030403,Baker Brook-Ammonoosuc River,20802.34856,0,0,0,2.833333333,5.5,0.768666667,,,https://echo.epa.gov/detailed-facility-report?fid=NH0100153&sys=ICP
2013,ICIS,MA0100935,1.10009E+11,LENOX CENTER WASTEWATER TREATMENT FACILITY,LENOX,BERKSHIRE,MA,Major,42.34831,-73.24545,4952,4952,SEWERAGE SYSTEMS,11000050104,Sackett Brook-Housatonic River,20788.08887,0,0,0,3.594694444,5.249666667,0.599333333,,,https://echo.epa.gov/detailed-facility-report?fid=MA0100935&sys=ICP
2013,ICIS,MA0003697,1.10001E+11,BARNHARDT MANUFACTURING,COLRAIN,FRANKLIN,MA,Major,42.655709,-72.714796,2269,2269,"FINISHERS OF TEXTILES, NEC",10802030302,Taylor Brook-North River,20312.35533,0,0,0,8.305416667,21.8,0.395833333,,Y,https://echo.epa.gov/detailed-facility-report?fid=MA0003697&sys=ICP
2013,ICIS,CT0000434,1.10036E+11,AHLSTROM NONWOVENS,WINDSOR LOCKS,HARTFORD,CT,Major,41.925376,-72.625924,2621,2621,PAPER MILLS,10802050105,Freshwater Brook-Connecticut River,19750.27244,0,0,0,1.4975,2.08,0.42122821,,,https://echo.epa.gov/detailed-facility-report?fid=CT0000434&sys=ICP
2013,ICIS,NY0021822,1.10002E+11,OYSTER BAY WPCP,OYSTER BAY,NASSAU,NY,Major,40.878222,-73.526778,4952,4952,SEWERAGE SYSTEMS,20302010201,Mill Neck Creek-Oyster Bay Harbor,19640.6,0,0,0,0,0,,,,https://echo.epa.gov/detailed-facility-report?fid=NY0021822&sys=ICP
2013,ICIS,CT0100404,1.10002E+11,NORTH HAVEN WATER POLLUTION CONTROL FACILITY,NORTH HAVEN,NEW HAVEN,CT,Major,41.364329,-72.871671,4952,4952,SEWERAGE SYSTEMS,11000040104,Muddy River,18011.0236,0,0,0,1.975,8.8,3.08,,,https://echo.epa.gov/detailed-facility-report?fid=CT0100404&sys=ICP
2013,ICIS,CT0101320,1.1004E+11,UNIVERSITY OF CT WATER POLLUTION CONTROL FACILITY,STORRS,TOLLAND,CT,Major,41.811635,-72.263126,8221,8221,"COLLEGES, UNIV & PROF SCHOOLS",11000020108,Nelson Brook-Willimantic River,17832.32585,0,0,0,4.9055,15.5,0.591833333,,,https://echo.epa.gov/detailed-facility-report?fid=CT0101320&sys=ICP
2013,ICIS,MA0100005,1.10007E+11,ATHOL WASTEWATER TREATMENT FACILITY,ATHOL,WORCESTER,MA,Major,42.586234,-72.242982,4952,4952,SEWERAGE SYSTEMS,10802020204,Beaver Brook-Millers River,17650.05,0,0,0,8.214711527,14.5855906,0.711666667,,,https://echo.epa.gov/detailed-facility-report?fid=MA0100005&sys=ICP
2013,ICIS,MA0110043,1.10007E+11,MCLAUGHLIN STATE TROUT HATCHERY,BELCHERTOWN,HAMPSHIRE,MA,Non-Major,42.267471,-72.338576,921,921,FISH HATCHERIES AND PRESERVES,10802040106,Quabbin Reservoir-Swift River,16511.84175,0,0,0,2.868288018,3.472258065,5.883333333,,,https://echo.epa.gov/detailed-facility-report?fid=MA0110043&sys=ICP
2013,ICIS,MA0101567,1.10001E+11,WARREN WASTEWATER TREATMENT PLANT,WARREN,WORCESTER,MA,Major,42.210084,-72.24737,4952,4952,SEWERAGE SYSTEMS,10802040305,Middle Quaboag River,16461.9,0,0,0,9.187630795,14.69158194,0.297583333,,,https://echo.epa.gov/detailed-facility-report?fid=MA0101567&sys=ICP
2013,ICIS,MA0101290,1.1001E+11,HATFIELD WASTEWATER TREATMENT FACILITY,HATFIELD,HAMPSHIRE,MA,Non-Major,42.394226,-72.592828,4952,4952,SEWERAGE SYSTEMS,10802010602,Russellville Brook-Connecticut River,16221,0,0,0,29.31064808,37.07105746,0.1845,,,https://echo.epa.gov/detailed-facility-report?fid=MA0101290&sys=ICP
2013,ICIS,MA0101141,1.10002E+11,CHARLTON WASTEWATER TREATMENT FACILITY,CHARLTON,WORCESTER,MA,Major,42.141435,-71.995382,4952,4952,SEWERAGE SYSTEMS,11000010104,Cady Brook-Quinebaug River,16079.83026,228.4418215,0,228.4418215,12.1424246,35.50011111,0.220333333,,,https://echo.epa.gov/detailed-facility-report?fid=MA0101141&sys=ICP
2013,ICIS,NY0165891,1.1001E+11,PAWLING JOINT SEWER COMM WWTP,PAWLING,DUTCHESS,NY,Non-Major,41.573667,-73.594194,4952,4952,SEWERAGE SYSTEMS,11000050505,Swamp River,15946.4504,0,0,0,11.00833333,17.55,0.245,,,https://echo.epa.gov/detailed-facility-report?fid=NY0165891&sys=ICP
2013,ICIS,CT0020630,1.10007E+11,MYSTIC MARINELIFE AQUARIUM,MYSTIC,NEW LONDON,CT,Non-Major,41.37171,-71.951156,8412,8412,MUSEUMS AND ART GALLERIES,11000030303,Stony Brook-Frontal Fishers Island Sound,15493.10296,0,0,0,18.80313889,67.785,0.007471569,,Y,https://echo.epa.gov/detailed-facility-report?fid=CT0020630&sys=ICP
2013,ICIS,MA0101796,1.10007E+11,LEICESTER WATER SUPPLY WWTF,LEICESTER,WORCESTER,MA,Non-Major,42.240643,-71.917223,4952,4952,SEWERAGE SYSTEMS,11000010201,Upper French River,15082.34,0,0,0,12.11586661,32.28918206,0.20955,,,https://echo.epa.gov/detailed-facility-report?fid=MA0101796&sys=ICP
2013,ICIS,CT0003212,1.10033E+11,KIMBERLY-CLARK TISSUE MILL,NEW MILFORD,LITCHFIELD,CT,Major,41.5567,-73.4102,2676,2676,SANITARY PAPER PRODUCTS,11000050604,Great Brook-Housatonic River,14987.14245,0,0,0,450405.9728,2204388.992,1.113333657,,,https://echo.epa.gov/detailed-facility-report?fid=CT0003212&sys=ICP
2013,ICIS,CT0100625,1.10002E+11,WATERBURY WATER POLLUTION CONTROL FACILITY,WATERBURY,NEW HAVEN,CT,Major,41.52161,-73.04427,4952,4952,SEWERAGE SYSTEMS,11000051205,Long Meadow Pond Brook-Naugatuck River,13335.90587,0,0,0,0.184285714,0.58,20.75416667,,,https://echo.epa.gov/detailed-facility-report?fid=CT0100625&sys=ICP
2013,ICIS,MA0040207,1.10022E+11,CHANG FARMS INC,DEERFIELD,FRANKLIN,MA,Non-Major,42.522248,-72.571247,182,182,FOOD CROPS GROWN UNDER COVER,10802010602,Russellville Brook-Connecticut River,13196.61801,0,0,0,10.49226671,26.845,0.119583333,,,https://echo.epa.gov/detailed-facility-report?fid=MA0040207&sys=ICP
2013,ICIS,MA0101052,1.10023E+11,ERVING WASTEWATER TREATMENT PLANT #2,ERVING,FRANKLIN,MA,Major,42.5975,-72.3879,4952,4952,SEWERAGE SYSTEMS,10802020207,Lyons Brook-Millers River,12303.27273,0,0,0,2.264381932,3.594568607,1.795,,,https://echo.epa.gov/detailed-facility-report?fid=MA0101052&sys=ICP
2013,ICIS,MA0001848,1.10011E+11,ONYX SPECIALTY PAPERS INC - WILLOW MILL,LEE,BERKSHIRE,MA,Major,42.274705,-73.286202,2621,2621,PAPER MILLS,11000050107,Konkapot Brook-Housatonic River,11478.13,0,0,0,3.921715968,5.974332266,0.953845667,,,https://echo.epa.gov/detailed-facility-report?fid=MA0001848&sys=ICP
2013,ICIS,CT0025305,1.1E+11,"UNIMETAL SURFACE FINISHING, LLC",THOMASTON,LITCHFIELD,CT,Major,41.66935,-73.07774,3471,3471,PLATING AND POLISHING,11000051105,Northfield Brook-Naugatuck River,11465.00775,753.7131,0,753.7131,44.1527993,55.11070337,0.023552167,,,https://echo.epa.gov/detailed-facility-report?fid=CT0025305&sys=ICP
2013,ICIS,VT0100579,1.10011E+11,ST JOHNSBURY,ST JOHNSBURY,CALEDONIA,VT,Major,44.410639,-72.016572,,,,10801020403,Water Andric-Passumpsic River,11283.84,0,0,0,3.573950349,7.83470055,0.92075,,,https://echo.epa.gov/detailed-facility-report?fid=VT0100579&sys=ICP
2013,ICIS,NHG580501,1.10028E+11,BETHLEHEM VILLAGE WASTEWATER TREATMENT PLANT,BETHLEHEM,GRAFTON,NH,Non-Major,44.28789,-71.6821,,,,10801030403,Baker Brook-Ammonoosuc River,10929.7,0,0,0,17.84804067,22.57699727,0.201,,,https://echo.epa.gov/detailed-facility-report?fid=NHG580501&sys=ICP
2013,ICIS,CT0101273,1.1004E+11,NEW CANAAN WASTEWATER TREATMENT PLANT,NEW CANAAN,FAIRFIELD,CT,Major,41.14066,-73.48368,4952,4952,SEWERAGE SYSTEMS,11000060404,Fivemile River,10603.23632,0,0,0,4.041666667,5.5,0.843833333,,,https://echo.epa.gov/detailed-facility-report?fid=CT0101273&sys=ICP
2013,ICIS,VT0101010,1.10002E+11,HARTFORD WASTE WATER TREATMENT FACILITY,HARTFORD,WINDSOR,VT,Major,43.646444,-72.314662,,,,10801060302,Lulls Brook-Connecticut River,10554.65235,0,0,0,5.366666667,10,0.644916667,,,https://echo.epa.gov/detailed-facility-report?fid=VT0101010&sys=ICP
2013,ICIS,CT0100455,1.10056E+11,PLAINVILLE WPCF,PLAINVILLE,HARTFORD,CT,Major,41.68032,-72.86501,4952,4952,SEWERAGE SYSTEMS,10802070404,Pequabuck River,10363.59109,1523.106275,0,1523.106275,1.703583333,10.9,2.161666667,,,https://echo.epa.gov/detailed-facility-report?fid=CT0100455&sys=ICP
2013,ICIS,CT0100145,1.10001E+11,DANBURY WATER POLLUTION CONTROL FACILITY,DANBURY,FAIRFIELD,CT,Major,41.402711,-73.418112,4952,4952,SEWERAGE SYSTEMS,11000050802,Limekiln Brook-Still River,10312.99276,0,0,0,0.381666667,0.83,8.658333333,,,https://echo.epa.gov/detailed-facility-report?fid=CT0100145&sys=ICP
2013,ICIS,CT0100579,1.1003E+11,TORRINGTON WATER POLLUTION CONTROL FACILITY,TORRINGTON,LITCHFIELD,CT,Major,41.780542,-73.116477,4952,4952,SEWERAGE SYSTEMS,11000051105,Northfield Brook-Naugatuck River,9257.456913,0,0,0,0.475714286,0.91,5.665,,,https://echo.epa.gov/detailed-facility-report?fid=CT0100579&sys=ICP
2013,ICIS,MA0102148,1.10002E+11,BELCHERTOWN WATER RECLAMATION FACILITY,BELCHERTOWN,HAMPSHIRE,MA,Major,42.281579,-72.42563,4952,4952,SEWERAGE SYSTEMS,10802010701,Batchelor Brook,9147.185545,0,0,0,4.2,10.4,0.373666667,,,https://echo.epa.gov/detailed-facility-report?fid=MA0102148&sys=ICP
2013,ICIS,VT0000108,1.10009E+11,PUTNEY PAPER COMPANY MILL & LAGOONS,PUTNEY,WINDHAM,VT,Non-Major,42.974631,-72.517117,,,,10801070504,Sacketts Brook,9087.295472,0,0,0,14.41,26,0.199120583,,,https://echo.epa.gov/detailed-facility-report?fid=VT0000108&sys=ICP
2013,ICIS,VT0100625,1.10011E+11,CANAAN MTP,CANAAN,ESSEX,VT,Non-Major,44.98831,-71.53981,,,,10801010304,Leach Creek,8968.248913,0,0,0,27.68333333,99.3,0.115333333,,,https://echo.epa.gov/detailed-facility-report?fid=VT0100625&sys=ICP
2013,ICIS,CT0101133,1.10011E+11,HERITAGE VILLAGE COMPANY,SOUTHBURY,NEW HAVEN,CT,Non-Major,41.48477,-73.22364,6514,6514,OPER OF DWELL OTHER THAN APART,11000050903,Pomperaug River,8842.74,599.8,0,599.8,6.644636669,16.80998095,0.475916667,,,https://echo.epa.gov/detailed-facility-report?fid=CT0101133&sys=ICP
2013,ICIS,MA0100901,1.10024E+11,SOUTHBRIDGE WASTEWTER TREATMENT FACILITY,SOUTHBRIDGE,WORCESTER,MA,Major,42.06969,-72.0063,4952,4952,SEWERAGE SYSTEMS,11000010104,Cady Brook-Quinebaug River,8690.737607,1132.708941,0,1132.708941,1.705714286,8,1.931916667,,,https://echo.epa.gov/detailed-facility-report?fid=MA0100901&sys=ICP
2013,ICIS,MA0005011,1.10002E+11,PAPERLOGIC TURNERS FALLS MILL,MONTAGUE (TURNERS FALLS),FRANKLIN,MA,Major,42.609152,-72.560239,2621,2621,PAPER MILLS,10802010503,Dry Brook-Connecticut River,8579.969775,0,0,0,3.575,4.8,0.43475,,,https://echo.epa.gov/detailed-facility-report?fid=MA0005011&sys=ICP
2013,ICIS,MA0100102,1.1001E+11,HARDWICK WATER POLLUTION CONTROL FACILITY,GILBERTVILLE,WORCESTER,MA,Non-Major,42.300309,-72.214159,4952,4952,SEWERAGE SYSTEMS,10802040207,Danforth Brook-Ware River,8222.729491,0,0,0,13.86930715,34.00702425,0.174791667,,,https://echo.epa.gov/detailed-facility-report?fid=MA0100102&sys=ICP
2013,ICIS,MAG580005,1.1001E+11,SUNDERLAND WASTEWATER TREATMENT FACILITY,SUNDERLAND,FRANKLIN,MA,Non-Major,42.452405,-72.584683,,,,10802010602,Russellville Brook-Connecticut River,8142.5,0,0,0,16.64898973,23.96379071,0.16125,,,https://echo.epa.gov/detailed-facility-report?fid=MAG580005&sys=ICP
2013,ICIS,NHG580315,1.10028E+11,COLEBROOK WASTEWATER TREATMENT PLANT,COLEBROOK,COOS,NH,Non-Major,44.901096,-71.498637,,,,10801010305,Willard Stream-Connecticut River,7992.5,0,0,0,13.84108643,20.94993973,0.18575,,,https://echo.epa.gov/detailed-facility-report?fid=NHG580315&sys=ICP
2013,ICIS,NHG580978,1.10046E+11,WOODSVILLE WASTEWATER TREATMENT FACILITY,WOODSVILLE,GRAFTON,NH,Non-Major,44.14762,-72.038489,4941,4941,WATER SUPPLY,10801030703,Clark Brook-Connecticut River,7870.77,0,0,0,16.06341409,23.97998246,0.16225,,,https://echo.epa.gov/detailed-facility-report?fid=NHG580978&sys=ICP
2013,ICIS,NY0021750,1.10008E+11,NATIONAL GRID - PORT JEFFERSON POWER STATION,PORT JEFFERSON,SUFFOLK,NY,Major,40.94969,-73.078431,4952,4952,SEWERAGE SYSTEMS,20302010304,Mt Sinai Harbor-Port Jefferson Harbor,7849,0,0,0,3.827977408,5.814743335,0.673333333,,,https://echo.epa.gov/detailed-facility-report?fid=NY0021750&sys=ICP
2013,ICIS,MA0110035,1.10008E+11,MCLAUGHLIN STATE FISH HATCHERY/SUNDERLAND,SUNDERLAND,FRANKLIN,MA,Non-Major,42.437028,-72.552917,921,921,FISH HATCHERIES AND PRESERVES,10802010602,Russellville Brook-Connecticut River,7808.371482,0,0,0,4.040950845,4.917857143,1.9825,,,https://echo.epa.gov/detailed-facility-report?fid=MA0110035&sys=ICP
2013,ICIS,NHG580421,1.1001E+11,LISBON WASTEWATER TREATMENT FACILITY,LISBON,GRAFTON,NH,Non-Major,44.20149,-71.928419,,,,10801030503,Pearl Lake Brook-Ammonoosuc River,7608.4,0,0,0,21.531992,29.95473839,0.119583333,,,https://echo.epa.gov/detailed-facility-report?fid=NHG580421&sys=ICP
2013,ICIS,NH0100790,1.10002E+11,KEENE WASTEWATER TREATMENT FACILITY,KEENE,CHESHIRE,NH,Major,42.89049,-72.27547,4952,4952,SEWERAGE SYSTEMS,10802010303,South Branch Ashuelot River,7358,0,0,0,0.825036846,3.720240133,3.096083333,,,https://echo.epa.gov/detailed-facility-report?fid=NH0100790&sys=ICP
2013,ICIS,MA0100421,1.10002E+11,STURBRIDGE WATER POLLUTION CONTROL FACILITY,STURBRIDGE,WORCESTER,MA,Major,42.104697,-72.088066,4952,4952,SEWERAGE SYSTEMS,11000010103,McKinstry Brook-Quinebaug River,7019.89477,0,0,0,1.485013889,2.947,0.515583333,,,https://echo.epa.gov/detailed-facility-report?fid=MA0100421&sys=ICP
2013,ICIS,MA0100862,1.10001E+11,WINCHENDON WATER POLLUTION CONTROL FACILITY,WINCHENDON,WORCESTER,MA,Major,42.68367,-72.08202,4952,4952,SEWERAGE SYSTEMS,10802020103,Torbell Brook-Millers River,6944.45,0,0,0,4.762859232,16.89946491,0.478333333,,,https://echo.epa.gov/detailed-facility-report?fid=MA0100862&sys=ICP
2013,ICIS,MA0000469,1.10064E+11,SEAMAN PAPER OF MASSACHUSETTS,TEMPLETON,WORCESTER,MA,Major,42.59574,-72.05228,2621,2621,PAPER MILLS,10802020201,Otter River,6857.466037,0,0,0,2.486416667,5.25,0.916466667,,,https://echo.epa.gov/detailed-facility-report?fid=MA0000469&sys=ICP
2013,ICIS,NH0100765,1.10007E+11,CHARLESTOWN WASTEWATER TREATMENT PLANT,CHARLESTOWN,SULLIVAN,NH,Major,43.225795,-72.432518,4952,4952,SEWERAGE SYSTEMS,10801060703,Jabes Hackett Brook-Connecticut River,6666.8,0,0,0,7.282442879,15.28459728,0.28125,,,https://echo.epa.gov/detailed-facility-report?fid=NH0100765&sys=ICP
2013,ICIS,CT0101214,1.10002E+11,STAFFORD / WPCF,STAFFORD SPRINGS,TOLLAND,CT,Major,41.94688,-72.30454,4952,4952,SEWERAGE SYSTEMS,11000020108,Nelson Brook-Willimantic River,6619.907589,196.629993,0,196.629993,1.448,3.5,1.475,,,https://echo.epa.gov/detailed-facility-report?fid=CT0101214&sys=ICP
2013,ICIS,MA0101087,1.1001E+11,STOCKBRIDGE WASTEWATER TREATMENT PLANT,STOCKBRIDGE,BERKSHIRE,MA,Non-Major,42.293751,-73.325903,4952,4952,SEWERAGE SYSTEMS,11000050107,Konkapot Brook-Housatonic River,6081,0,0,0,15.77940407,20.69600107,0.126666667,,,https://echo.epa.gov/detailed-facility-report?fid=MA0101087&sys=ICP
2013,ICIS,NY0024881,1.10009E+11,NORTHPORT (V) STP,NORTHPORT,SUFFOLK,NY,Non-Major,40.889667,-73.355417,4952,4952,SEWERAGE SYSTEMS,20302010204,Northport Bay,5950.942475,0,0,0,2.696111111,4.623333333,0.2425,,,https://echo.epa.gov/detailed-facility-report?fid=NY0024881&sys=ICP
2013,ICIS,MA0100919,1.10001E+11,SPENCER WASTEWATER TREATMENT PLANT,SPENCER,WORCESTER,MA,Major,42.231774,-72.013348,4952,4952,SEWERAGE SYSTEMS,10802040301,Sevenmile River,5809.46,0,0,0,15.64351621,73.6483537,0.274166667,,,https://echo.epa.gov/detailed-facility-report?fid=MA0100919&sys=ICP
2013,ICIS,CT0003824,1.10011E+11,ELECTRIC BOAT CORP,GROTON,NEW LONDON,CT,Major,41.350752,-72.082098,3731,3731,SHIP BUILDING AND REPAIRING,11000030203,Thames River-Frontal New London Harbor,5708.384522,0,0,0,4.190833333,5.64,0.86592922,,,https://echo.epa.gov/detailed-facility-report?fid=CT0003824&sys=ICP
2013,ICIS,MAG580004,1.10007E+11,SOUTH DEERFIELD WASTEWATER TREATMENT PLANT,DEERFIELD,FRANKLIN,MA,Non-Major,42.46829,-72.58914,,,,10802010602,Russellville Brook-Connecticut River,5690,0,0,0,4.934012834,13.52794637,0.379166667,,,https://echo.epa.gov/detailed-facility-report?fid=MAG580004&sys=ICP
2013,ICIS,MA0100153,1.10001E+11,LEE WASTEWATER TREATMENT FACILITY,LEE,BERKSHIRE,MA,Major,42.286286,-73.241279,4952,4952,SEWERAGE SYSTEMS,11000050105,Goose Pond Brook-Housatonic River,5564.90839,0,0,0,3.211666667,10.6,0.616416667,,,https://echo.epa.gov/detailed-facility-report?fid=MA0100153&sys=ICP
2013,ICIS,MAG580002,1.1001E+11,SHELBURNE WASTEWATER TREATMENT FACILITY,SHELBURNE,FRANKLIN,MA,Non-Major,42.595262,-72.731942,,,,10802030502,Bear River-Deerfield River,5222.105,0,0,0,12.95401202,26.67274097,0.1375,,,https://echo.epa.gov/detailed-facility-report?fid=MAG580002&sys=ICP
2013,ICIS,NHG580226,1.10028E+11,GROVETON WASTEWATER TREATMENT PLANT,NORTHUMBERLAND,COOS,NH,Non-Major,44.59855,-71.51745,,,,10801010707,Upper Ammonoosuc River,5135.34,0,0,0,12.24941581,22.9863203,0.132416667,,,https://echo.epa.gov/detailed-facility-report?fid=NHG580226&sys=ICP
2013,ICIS,MA0100340,1.10024E+11,TEMPLETON WASTEWATER TREATMENT FACILITY,TEMPLETON (BALDWINVILLE),WORCESTER,MA,Major,42.601436,-72.073756,4952,4952,SEWERAGE SYSTEMS,10802020201,Otter River,5068.964984,0,0,0,3.247244176,7.745806452,0.259333333,,,https://echo.epa.gov/detailed-facility-report?fid=MA0100340&sys=ICP
2013,ICIS,CT0030309,1.10013E+11,MILFORD POWER STATION,MILFORD,NEW HAVEN,CT,Major,41.223948,-73.099068,,,,11000051302,Housatonic River-Frontal Long Island Sound,4978.49,0,0,0,1.144682132,2.877096007,0.5155,,,https://echo.epa.gov/detailed-facility-report?fid=CT0030309&sys=ICP
2013,ICIS,CT0101222,1.10007E+11,WINSTED WPCF,WINSTED,LITCHFIELD,CT,Major,41.941792,-73.053825,4952,4952,SEWERAGE SYSTEMS,10802070103,Still River,4894.016202,0,0,0,0.914166667,6.5,1.4975,,,https://echo.epa.gov/detailed-facility-report?fid=CT0101222&sys=ICP
2013,ICIS,CT0100536,1.10009E+11,SOUTHINGTON WPCF,SOUTHINGTON (PLANTSVILLE),HARTFORD,CT,Major,41.566931,-72.883694,4952,4952,SEWERAGE SYSTEMS,11000040103,Headwaters Quinnipiac River,4560.371993,0,0,0,0.335,1.21,3.906666667,,,https://echo.epa.gov/detailed-facility-report?fid=CT0100536&sys=ICP
2013,ICIS,NH0100510,1.1001E+11,WHITEFIELD WASTEWATER TREATMENT FACILITY,WHITEFIELD,COOS,NH,Non-Major,44.376294,-71.622598,4952,4952,SEWERAGE SYSTEMS,10801030101,Bog Brook,4551.177704,0,0,0,20.97083333,40,0.076666667,,,https://echo.epa.gov/detailed-facility-report?fid=NH0100510&sys=ICP
2013,ICIS,MAG580001,1.10002E+11,OLD DEERFIELD WASTEWATER TREATMENT PLANT,DEERFIELD,FRANKLIN,MA,Non-Major,42.551231,-72.61107,,,,10802030502,Bear River-Deerfield River,4292,0,0,0,22.27550745,43.74342749,0.063833333,,,https://echo.epa.gov/detailed-facility-report?fid=MAG580001&sys=ICP
2013,ICIS,MA0110051,1.1001E+11,MCLAUGHLIN STATE TROUT HATCHERY BITZER TROUT HATCHERY,MONTAGUE,FRANKLIN,MA,Non-Major,42.559611,-72.549889,921,921,FISH HATCHERIES AND PRESERVES,10802010602,Russellville Brook-Connecticut River,4162.975766,0,0,0,2.717051459,3.20516129,1.551666667,,,https://echo.epa.gov/detailed-facility-report?fid=MA0110051&sys=ICP
2013,ICIS,CT0002127,1.10044E+11,CELLU TISSUE,EAST HARTFORD,HARTFORD,CT,Major,41.776151,-72.606406,2679,2679,CONV PAPER & PAPERBRD PRODUCTS,10802050402,Lower Hockanum River,4086.404074,0,0,0,0.855833333,1.43,0.50925,,,https://echo.epa.gov/detailed-facility-report?fid=CT0002127&sys=ICP
2013,ICIS,NH0101150,1.1001E+11,WEST SWANZY WWTP,SWANZEY,CHESHIRE,NH,Non-Major,42.8682,-72.32657,4952,4952,SEWERAGE SYSTEMS,10802010401,Wheelock Brook-Ashuelot River,4018.573303,0,0,0,18.346,35,0.064783333,,,https://echo.epa.gov/detailed-facility-report?fid=NH0101150&sys=ICP
2013,ICIS,NY0109584,1.1002E+11,NORTH CASTLE (T) SD#2,ARMONK,WESTCHESTER,NY,Non-Major,41.120361,-73.710806,4952,4952,SEWERAGE SYSTEMS,11000060403,Byram River,3315.4,0,0,0,0,0,0.370093151,,,https://echo.epa.gov/detailed-facility-report?fid=NY0109584&sys=ICP
2013,ICIS,CT0101681,1.10007E+11,LEDYARD WATER POLLUTION CONTROL FACILITY,LEDYARD,NEW LONDON,CT,Non-Major,41.43364,-71.96512,4952,4952,SEWERAGE SYSTEMS,11000030301,Mystic River-Frontal Fishers Island Sound,3004.046433,141.8064463,0,141.8064463,7.091666667,13.1,0.14525,,,https://echo.epa.gov/detailed-facility-report?fid=CT0101681&sys=ICP
2013,ICIS,CT0003921,1.10007E+11,US NAVAL SUBMARINE BASE,GROTON,NEW LONDON,CT,Major,41.400139,-72.087081,9711,9711,NATIONAL SECURITY,11000030203,Thames River-Frontal New London Harbor,3002.94827,0,0,0,1.940878472,6.605,0.664702928,,,https://echo.epa.gov/detailed-facility-report?fid=CT0003921&sys=ICP
2013,ICIS,MA0100200,1.1001E+11,NORTHFIELD WWTF,NORTHFIELD,FRANKLIN,MA,Non-Major,42.701976,-72.458138,4952,4952,SEWERAGE SYSTEMS,10802010501,Pauchaug Brook-Connecticut River,2954.9,0,0,0,44.61462513,57.76272053,0.07,,,https://echo.epa.gov/detailed-facility-report?fid=MA0100200&sys=ICP
2013,ICIS,CT0100781,1.10056E+11,THOMASTON WPCF,THOMASTON,LITCHFIELD,CT,Major,41.645097,-73.079553,4952,4952,SEWERAGE SYSTEMS,11000051104,Branch Brook,2805.8931,0,0,0,1.062666667,5.78,0.9885,,,https://echo.epa.gov/detailed-facility-report?fid=CT0100781&sys=ICP
2013,ICIS,CT0100374,1.10002E+11,BRISTOL WATER RECLAMATION FACILITY,BRISTOL,HARTFORD,CT,Major,41.66049,-72.9197,4952,4952,SEWERAGE SYSTEMS,10802070404,Pequabuck River,2710.030345,0,0,0,0.1325,0.59,7.283333333,,,https://echo.epa.gov/detailed-facility-report?fid=CT0100374&sys=ICP
2013,ICIS,CT0003981,1.1E+11,SPECIALTY MINERALS DOLOMITE PLANT,CANAAN,LITCHFIELD COUNTY,CT,Non-Major,42.026463,-73.31996,1422,1422,CRUSHED AND BROKEN LIMESTONE,11000050303,Blackberry River,2607.580109,0,0,0,2.57,3.025,0.1656,,,https://echo.epa.gov/detailed-facility-report?fid=CT0003981&sys=ICP
2013,ICIS,CT0100447,1.1003E+11,PLAINFIELD NORTH WATER POLLUTION CONTROL FACILITY,PLAINFIELD,WINDHAM,CT,Major,41.71937,-71.91721,4952,4952,SEWERAGE SYSTEMS,11000010503,Lower Moosup River,2538.293074,0,0,0,0.91,2.14,0.683083333,,,https://echo.epa.gov/detailed-facility-report?fid=CT0100447&sys=ICP
2013,ICIS,MA0102776,1.1001E+11,ERVING WASTEWATER TREATMENT PLANT #3,ERVING,FRANKLIN,MA,Non-Major,42.598361,-72.43875,4952,4952,SEWERAGE SYSTEMS,10802020207,Lyons Brook-Millers River,2480,0,0,0,744.5892114,838.7326749,0.005666667,,,https://echo.epa.gov/detailed-facility-report?fid=MA0102776&sys=ICP
2013,ICIS,CT0001341,1.10001E+11,PHARMACIA & UPJOHN (FORMER),NORTH HAVEN,NEW HAVEN,CT,Non-Major,41.375384,-72.878626,2869,2869,INDUST. ORGANIC CHEMICALS NEC,11000040105,Outlet Quinnipiac River,2350.97,0,0,0,4.299170223,5.58865709,0.181440667,,,https://echo.epa.gov/detailed-facility-report?fid=CT0001341&sys=ICP
2013,ICIS,NY0066028,1.10009E+11,SCSD#22 /HAUPPAUGE CTY CTR STP,HAUPPAUGE,SUFFOLK,NY,Non-Major,40.826333,-73.227917,4952,4952,SEWERAGE SYSTEMS,20302010302,Nissequogue River,2310.313116,361.4828766,0,361.4828766,6.891666667,17.1,0.115916667,,,https://echo.epa.gov/detailed-facility-report?fid=NY0066028&sys=ICP
2013,ICIS,NH0100544,1.10002E+11,SUNAPEE WASTEWATER TREATMENT FACILITY,SUNAPEE,SULLIVAN,NH,Major,43.379784,-72.113507,4952,4952,SEWERAGE SYSTEMS,10801060405,Long Pond Brook-Sugar River,2290.827999,0,0,0,1.878,5.59,0.328683333,,,https://echo.epa.gov/detailed-facility-report?fid=NH0100544&sys=ICP
2013,ICIS,MA0103110,1.1001E+11,WEST STOCKBRIDGE WASTEWATER TREAMENT FACILITY,WEST STOCKBRIDGE,BERKSHIRE,MA,Non-Major,42.33241,-73.36937,4952,4952,SEWERAGE SYSTEMS,11000050201,Williams River,2269.745754,0,0,0,4.388721077,14.01166667,0.01625,,,https://echo.epa.gov/detailed-facility-report?fid=MA0103110&sys=ICP
2013,ICIS,NY0005941,1.10001E+11,NATIONAL GRID - NORTHPORT POWER STATION,NORTHPORT,SUFFOLK,NY,Major,40.923488,-73.342561,4911,4911,ELECTRICAL SERVICES,20302010301,Crab Meadow-Fresh Pond,2085.364958,0,0,0,2.19254902,7.3,10.22199146,,,https://echo.epa.gov/detailed-facility-report?fid=NY0005941&sys=ICP
2013,ICIS,CT0100501,1.10002E+11,SEYMOUR WPCF,SEYMOUR,NEW HAVEN,CT,Major,41.366379,-73.087313,4952,4952,SEWERAGE SYSTEMS,11000051207,Bladens River-Naugatuck River,2080.498891,0,0,0,0.584,0.94,1.231666667,,,https://echo.epa.gov/detailed-facility-report?fid=CT0100501&sys=ICP
2013,ICIS,CT0003883,1.1E+11,NRG MIDDLETOWN POWER STATION,MIDDLETOWN,MIDDLESEX,CT,Major,41.554782,-72.58358,4911,4911,ELECTRICAL SERVICES,10802050702,Mill Creek-Connecticut River,2017.185506,0,0,0,0.31875,1.286666667,11.17185801,,,https://echo.epa.gov/detailed-facility-report?fid=CT0003883&sys=ICP
2013,ICIS,MA0101516,1.10001E+11,ERVING WASTEWATER TREATMENT PLANT #1,ERVING,FRANKLIN,MA,Major,42.588774,-72.49445,4952,4952,SEWERAGE SYSTEMS,10802020207,Lyons Brook-Millers River,1958.2,0,0,0,5.091485574,12.95340038,0.12825,,,https://echo.epa.gov/detailed-facility-report?fid=MA0101516&sys=ICP
2013,ICIS,CT0100609,1.10056E+11,VERNON WPCF,VERNON,TOLLAND,CT,Major,41.86545,-72.48457,4952,4952,SEWERAGE SYSTEMS,10802050401,Upper Hockanum River,1950.999763,0,0,0,0.21625,0.7,3.210833333,,,https://echo.epa.gov/detailed-facility-report?fid=CT0100609&sys=ICP
2013,ICIS,NHG580404,1.10028E+11,WINCHESTER WASTEWATER TREATMENT PLANT,WINCHESTER,CHESHIRE,NH,Non-Major,42.770205,-72.389345,,,,10802010403,Ashuelot River,1947.45,0,0,0,4.128564108,8.396194017,0.152133333,,,https://echo.epa.gov/detailed-facility-report?fid=NHG580404&sys=ICP
2013,ICIS,NH0101257,1.10007E+11,CLAREMONT WASTEWATER TREATMENT FACILITY,CLAREMONT,SULLIVAN,NH,Major,43.38962,-72.379045,4952,4952,SEWERAGE SYSTEMS,10801060407,Sugar River,1911.3,0,0,0,0.439951904,0.71984255,1.4055,,,https://echo.epa.gov/detailed-facility-report?fid=NH0101257&sys=ICP
2013,ICIS,CT0100854,1.10001E+11,RIDGEFIELD WATER POLLUTION CONTROL FACILITY,RIDGEFIELD,FAIRFIELD,CT,Major,41.290159,-73.490438,4952,4952,SEWERAGE SYSTEMS,11000060202,Norwalk River-Frontal Norwalk Harbor,1841.903203,0,0,0,0.744285714,4.38,0.824833333,,,https://echo.epa.gov/detailed-facility-report?fid=CT0100854&sys=ICP
2013,ICIS,VT0101061,1.10011E+11,LUNENBURG FIRE DISTRICT #2,GILMAN,ESSEX,VT,Non-Major,44.41235,-71.71851,,,,10801030201,Miles Stream-Connecticut River,1794.33078,0,0,0,12.88181818,23,0.044166667,,,https://echo.epa.gov/detailed-facility-report?fid=VT0101061&sys=ICP
2013,ICIS,MAG580003,1.1001E+11,CHARLEMONT WASTEWATER TREATMENT FACILITY,CHARLEMONT,FRANKLIN,MA,Non-Major,42.62751,-72.87252,,,,10802030205,Mill Brook-Deerfield River,1765.75,0,0,0,38.83066046,53.9185291,0.01525,,,https://echo.epa.gov/detailed-facility-report?fid=MAG580003&sys=ICP
2013,ICIS,VT0100145,1.10009E+11,LUDLOW WASTEWATER TREATMENT FACILITY,LUDLOW,WINDSOR,VT,Major,43.392349,-72.679281,,,,10801060502,Branch Brook-Black River,1748.803455,0,0,0,1.75,3.4,0.328083333,,,https://echo.epa.gov/detailed-facility-report?fid=VT0100145&sys=ICP
2013,ICIS,CT0100315,1.10001E+11,MERIDEN WATER POLLUTION CONTROL FACILITY,MERIDEN,NEW HAVEN,CT,Major,41.513431,-72.827878,4952,4952,SEWERAGE SYSTEMS,11000040105,Outlet Quinnipiac River,1688.330764,0,0,0,0.06,0.18,9.483333875,,Y,https://echo.epa.gov/detailed-facility-report?fid=CT0100315&sys=ICP
2013,ICIS,MA0001716,1.10008E+11,MEADWESTVACO CUSTOM PAPERS LAUREL MILL,LEE,BERKSHIRE,MA,Major,42.278795,-73.264413,2621,2621,PAPER MILLS,11000050107,Konkapot Brook-Housatonic River,1662.4,0,0,0,1.603976673,3.267789643,0.384333333,,,https://echo.epa.gov/detailed-facility-report?fid=MA0001716&sys=ICP
2013,ICIS,CT0000957,1.1E+11,PFIZER GROTON CAMPUS,GROTON,NEW LONDON,CT,Non-Major,41.3309,-72.0771,2834,2834,PHARMACEUTICAL PREPARATIONS,11000030203,Thames River-Frontal New London Harbor,1616.283429,0,0,0,0.076409885,0.298001333,4.440833333,,,https://echo.epa.gov/detailed-facility-report?fid=CT0000957&sys=ICP
2013,ICIS,CT0100463,1.10006E+11,PLYMOUTH WPCF,PEQUABUCK,LITCHFIELD,CT,Major,41.668987,-72.991771,4952,4952,SEWERAGE SYSTEMS,10802070404,Pequabuck River,1516.734745,0,0,0,0.575,1.7,0.828,,,https://echo.epa.gov/detailed-facility-report?fid=CT0100463&sys=ICP
2013,ICIS,CT0024805,1.1001E+11,LAKE WARAMAUG RESTORATION SYS,WASHINGTON,LITCHFIELD,CT,Non-Major,41.698067,-73.373371,9999,9999,NONCLASSIFIABLE ESTABLISHMENTS,11000050602,East Aspetuck River,1444.269908,0,0,0,0.6635,1.06,0.65,,,https://echo.epa.gov/detailed-facility-report?fid=CT0024805&sys=ICP
2013,ICIS,CT0100331,1.1001E+11,NEW HARTFORD WPCF,NEW HARTFORD,LITCHFIELD,CT,Non-Major,41.868318,-72.95786,4952,4952,SEWERAGE SYSTEMS,10802070204,Lower West Branch Farmington River,1266.49,0,0,0,5.393529204,15.16695615,0.07775,,,https://echo.epa.gov/detailed-facility-report?fid=CT0100331&sys=ICP
2013,ICIS,CT0003778,1.1E+11,PSEG POWER CONNECTICUT LLC,BRIDGEPORT,FAIRFIELD,CT,Major,41.17067,-73.18408,4911,4911,ELECTRICAL SERVICES,11000060303,Rooster River-Frontal Long Island Sound,1097.918953,0,0,0,0.537222222,2.72,18.54829292,,,https://echo.epa.gov/detailed-facility-report?fid=CT0003778&sys=ICP
2013,ICIS,MA0102431,1.1001E+11,HARDWICK WWTP,HARDWICK (WHEELWRIGHT),WORCESTER,MA,Non-Major,42.350037,-72.139237,4952,4952,SEWERAGE SYSTEMS,10802040205,Winimusset Brook-Ware River,1077.896312,0,0,0,20.56542335,36.19796086,0.0177,,,https://echo.epa.gov/detailed-facility-report?fid=MA0102431&sys=ICP
2013,ICIS,CT0101788,1.10002E+11,NEWTOWN /WPCF,NEWTOWN,FAIRFIELD,CT,Non-Major,41.41472,-73.28424,4952,4952,SEWERAGE SYSTEMS,11000051001,Pootatuck River,1051.911457,0,0,0,0.815454545,5.31,0.45875,,,https://echo.epa.gov/detailed-facility-report?fid=CT0101788&sys=ICP
2013,ICIS,NHG581206,1.1001E+11,NORTHUMBERLAND VILLAGE WATER POLLUTION CONTROL FACILITY,GROVETON,COOS,NH,Non-Major,44.597268,-71.521189,4941,4941,WATER SUPPLY,10801010707,Upper Ammonoosuc River,1037.3367,0,0,0,8.841199756,12.40126169,0.037666667,,,https://echo.epa.gov/detailed-facility-report?fid=NHG581206&sys=ICP
2013,ICIS,VT0100633,1.1004E+11,DANVILLE WATER POLLUTION CONTROL FACILITY,DANVILLE,CALEDONIA,VT,Non-Major,44.411176,-72.147228,,,,10801020402,Joes Brook,954.6741363,0,0,0,9.22,15.5,0.028991667,,,https://echo.epa.gov/detailed-facility-report?fid=VT0100633&sys=ICP
2013,ICIS,NH0023523,1.10065E+11,AVRRDD WWTP,BERLIN,COOS,NH,Non-Major,44.51217,-71.240727,4953,4953,REFUSE SYSTEMS,10801010703,North Branch Upper Ammonoosuc River,946.3,0,0,0,8.126489068,15,0.024375,,,https://echo.epa.gov/detailed-facility-report?fid=NH0023523&sys=ICP
2013,ICIS,CT0100439,1.1001E+11,PLAINFIELD VILLAGE SEWAGE TREATMENT PLANT,PLAINFIELD,WINDHAM,CT,Non-Major,41.669458,-71.928107,4952,4952,SEWERAGE SYSTEMS,11000010702,Mill Brook,895.1633762,0,0,0,0.94725,2.4,0.397166667,,,https://echo.epa.gov/detailed-facility-report?fid=CT0100439&sys=ICP
2013,ICIS,NH0101052,1.1001E+11,TROY WASTEWATER TREATMENT FACILITY,TROY,CHESHIRE,NH,Non-Major,42.835252,-72.178076,4952,4952,SEWERAGE SYSTEMS,10802010303,South Branch Ashuelot River,890.7428571,0,0,0,1.384884275,11.67855623,0.066083333,,,https://echo.epa.gov/detailed-facility-report?fid=NH0101052&sys=ICP
2013,ICIS,NHG580536,1.10024E+11,STRATFORD VILLAGE SYSTEM,NORTH STRATFORD,COOS,NH,Non-Major,44.74926,-71.629411,4952,4952,SEWERAGE SYSTEMS,10801010603,Dennis Pond Brook-Connecticut River,826.78,0,0,0,212.2857617,2322.416754,0.0118305,,,https://echo.epa.gov/detailed-facility-report?fid=NHG580536&sys=ICP
2013,ICIS,VT0000019,1.1E+11,WEIDMANN ELECTRICAL TECHNOLOGY,SAINT JOHNSBURY,CALEDONIA,VT,Non-Major,44.48239,-72.01343,,,,10801020302,South Wheelock Branch-Passumpsic River,825.5640908,0,0,0,1.885454545,4.3,0.143636364,,,https://echo.epa.gov/detailed-facility-report?fid=VT0000019&sys=ICP
2013,ICIS,NHG581214,1.10024E+11,STRATFORD-MILL HOUSE,NORTH STRATFORD,COOS,NH,Non-Major,44.869834,-71.526999,4952,4952,SEWERAGE SYSTEMS,10801010404,Clough Brook-Connecticut River,787.42,0,0,0,31.94593099,66.2467141,0.008975833,,,https://echo.epa.gov/detailed-facility-report?fid=NHG581214&sys=ICP
2013,ICIS,CT0101231,1.10001E+11,TOWN OF NORFOLK WPCF,NORFOLK,LITCHFIELD,CT,Non-Major,41.99983,-73.21633,4952,4952,SEWERAGE SYSTEMS,11000050303,Blackberry River,760.1268188,0,0,0,0.5,0.7,0.4725,,,https://echo.epa.gov/detailed-facility-report?fid=CT0101231&sys=ICP
2013,ICIS,VT0100951,1.10014E+11,RYEGATE FIRE DEPARTMENT .#2,RYEGATE,CALEDONIA,VT,Non-Major,44.20007,-72.06483,,,,10801030206,Manchester Brook-Connecticut River,680.12,0,0,0,73.03198061,503.3234922,0.004287417,,,https://echo.epa.gov/detailed-facility-report?fid=VT0100951&sys=ICP
2013,ICIS,CT0100498,1.10007E+11,TOWN OF SALISBURY WPCF,SALISBURY,LITCHFIELD,CT,Non-Major,42.014536,-73.431065,4952,4952,SEWERAGE SYSTEMS,11000050305,Salmon Creek,651.5129508,0,0,0,0.464,1.1,0.370833333,,,https://echo.epa.gov/detailed-facility-report?fid=CT0100498&sys=ICP
2013,ICIS,CT0030449,1.10001E+11,HIGHWAY SAFETY CORP / CT GALVANIZING,GLASTONBURY,HARTFORD,CT,Non-Major,41.71099,-72.58229,3479,3479,METAL COATING & ALLIED SERVIC,10802050505,Goff Brook-Connecticut River,650.6844485,0,0,0,1.275833333,2.37,0.020304,,,https://echo.epa.gov/detailed-facility-report?fid=CT0030449&sys=ICP
2013,ICIS,CT0003263,1.10017E+11,DOMINION MILLSTONE NUCLEAR POWER STATION,WATERFORD,NEW LONDON,CT,Major,41.307765,-72.165617,4911,4911,ELECTRICAL SERVICES,11000030305,Fenger Brook-Frontal Lond Island Sound,621.6482232,0,0,0,0.348947917,1.21,265.3851719,,,https://echo.epa.gov/detailed-facility-report?fid=CT0003263&sys=ICP
2013,ICIS,NHG580391,1.10004E+11,CHESHIRE COUNTY MAPLEWOOD NURSING HOME,WESTMORELAND,CHESHIRE,NH,Non-Major,42.97351,-72.46554,4952,4952,SEWERAGE SYSTEMS,10801070503,Partridge Brook,605.95,0,0,0,10.00433738,11.35126928,0.019916667,,,https://echo.epa.gov/detailed-facility-report?fid=NHG580391&sys=ICP
2013,ICIS,VT0100706,1.10011E+11,WILMINGTON WWTP,WILMINGTON,WINDHAM,VT,Non-Major,42.86939,-72.88061,,,,10802030103,North Branch Deerfield River,537.936,0,0,0,1.200086631,3.161449962,0.078275,,,https://echo.epa.gov/detailed-facility-report?fid=VT0100706&sys=ICP
2013,ICIS,NH0100366,1.10002E+11,LEBANON WASTEWATER TREATMENT FACILITY,LEBANON,GRAFTON,NH,Major,43.636805,-72.320541,4952,4952,SEWERAGE SYSTEMS,10801060106,Mascoma River,528.6936509,0,0,0,0.306666667,0.306666667,1.700908333,,,https://echo.epa.gov/detailed-facility-report?fid=NH0100366&sys=ICP
2013,ICIS,MA0100170,1.1001E+11,OXFORD ROCHDALE WASTEWATER TREATMENT PLANT,NORTH OXFORD,WORCESTER COUNTY,MA,Non-Major,42.183647,-71.894113,4952,4952,SEWERAGE SYSTEMS,11000010201,Upper French River,510.9216951,0,0,0,0.758571429,2.4,0.22275,,,https://echo.epa.gov/detailed-facility-report?fid=MA0100170&sys=ICP
2013,ICIS,VT0100846,1.10011E+11,BRIDGEWATER WWTF,BRIDGEWATER,WINDSOR,VT,Non-Major,43.587651,-72.624059,,,,10801060205,Beaver Brook-Ottauquechee River,459.1,0,0,0,17.32144827,27.68789332,0.008725,,,https://echo.epa.gov/detailed-facility-report?fid=VT0100846&sys=ICP
2013,ICIS,NY0005932,1.10008E+11,NATIONAL GRID - PORT JEFFERSON POWER STATION,PORT JEFFERSON,SUFFOLK,NY,Non-Major,40.94969,-73.078431,4911,4911,ELECTRICAL SERVICES,20302010304,Mt Sinai Harbor-Port Jefferson Harbor,370.4221784,0,0,0,0.613333333,1,8.698429536,,,https://echo.epa.gov/detailed-facility-report?fid=NY0005932&sys=ICP
2013,ICIS,VT0101141,1.1004E+11,SHERBURNE WPCF,KILLINGTON,RUTLAND,VT,Non-Major,43.648364,-72.786313,,,,10801060201,Headwaters Ottauquechee River,327.8950519,0,0,0,1.5,2.4,0.0826075,,,https://echo.epa.gov/detailed-facility-report?fid=VT0101141&sys=ICP
2013,ICIS,MA0000272,1.10056E+11,PAN AM RAILWAYS YARD,DEERFIELD,FRANKLIN,MA,Non-Major,42.57221,-72.56679,4011,4011,"RAILROADS, LINE HAUL OPERATING",10802010602,Russellville Brook-Connecticut River,315.0737128,0,0,0,14.70615054,24.75096774,0.019920125,,,https://echo.epa.gov/detailed-facility-report?fid=MA0000272&sys=ICP
2013,ICIS,CT0101770,1.1001E+11,REDDING WASTEWATER TREATMENT FACILITY,REDDING,FAIRFIELD,CT,Non-Major,41.258249,-73.429303,4952,4952,SEWERAGE SYSTEMS,11000060202,Norwalk River-Frontal Norwalk Harbor,299.9545,0,0,0,1.628150938,2.347473376,0.061633333,,,https://echo.epa.gov/detailed-facility-report?fid=CT0101770&sys=ICP
2013,ICIS,CT0030341,1.1003E+11,ROCKVILLE WATER TREATMENT PLANT,VERNON,TOLLAND,CT,Non-Major,41.86911,-72.43475,,,,10802050401,Upper Hockanum River,273.3309909,0,0,0,0.115028333,0.153353333,0.13058575,,,https://echo.epa.gov/detailed-facility-report?fid=CT0030341&sys=ICP
2013,ICIS,CT0101761,1.10009E+11,EAST HADDAM WATER POLLUTION CONTROL FACILITY,EAST HADDAM,MIDDLESEX,CT,Non-Major,41.4504,-72.45851,4952,4952,SEWERAGE SYSTEMS,10802050901,Deep River-Connecticut River,252.4,0,0,0,5.981872882,9.414346351,0.01475,,,https://echo.epa.gov/detailed-facility-report?fid=CT0101761&sys=ICP
2013,ICIS,NH0101168,1.10011E+11,MERIDEN VILLAGE WATER DISTRICT,MERIDEN,SULLIVAN,NH,Non-Major,43.54017,-72.26377,4952,4952,SEWERAGE SYSTEMS,10801060301,Bloods Brook,230.5778775,0,0,0,27.90666667,27.90666667,0.03525,,,https://echo.epa.gov/detailed-facility-report?fid=NH0101168&sys=ICP
2013,ICIS,CT0001180,1.1E+11,SUMMIT CORP OF AMERICA,THOMASTON,LITCHFIELD,CT,Major,41.623153,-73.064553,3471,3471,PLATING AND POLISHING,11000051105,Northfield Brook-Naugatuck River,227.2746244,0,0,0,15.68992863,27.27617124,0.144988667,,,https://echo.epa.gov/detailed-facility-report?fid=CT0001180&sys=ICP
2013,ICIS,NY0088510,1.10019E+11,SEAWANHAKA-CORINTHIAN YACHT CLUB PROPERT,CENTRE ISLAND,NASSAU,NY,Non-Major,40.902056,-73.511194,8999,8999,"SERVICES, NEC",20302010201,Mill Neck Creek-Oyster Bay Harbor,211.3123144,0,0,0,21.12827059,34.47464875,0.002916667,,,https://echo.epa.gov/detailed-facility-report?fid=NY0088510&sys=ICP
2013,ICIS,MA0100188,1.1001E+11,MONROE WASTEWATER TREATMENT FACILITY,MONROE,FRANKLIN,MA,Non-Major,42.721141,-72.941875,4952,4952,SEWERAGE SYSTEMS,10802030201,Pelham Brook-Deerfield River,207.583185,0,0,0,2.983333333,4.083333333,0.010034167,,,https://echo.epa.gov/detailed-facility-report?fid=MA0100188&sys=ICP
2013,ICIS,NH0100382,1.10002E+11,HINSDALE WASTEWATER TREATMENT PLANT,HINSDALE,CHESHIRE,NH,Major,42.780338,-72.49205,4952,4952,SEWERAGE SYSTEMS,10802010403,Ashuelot River,205.1382963,0,0,0,1.410666667,1.410666667,0.208566667,,,https://echo.epa.gov/detailed-facility-report?fid=NH0100382&sys=ICP
2013,ICIS,NHG581249,1.10028E+11,LANCASTER GRANGE WASTEWATER TREATMENT PLANT,LANCASTER,COOS,NH,Non-Major,44.481841,-71.528227,4952,4952,SEWERAGE SYSTEMS,10801010805,Otter Brook,198.298,0,0,0,17.03259621,26.98531215,0.003966667,,,https://echo.epa.gov/detailed-facility-report?fid=NHG581249&sys=ICP
2013,ICIS,MA0102156,1.10009E+11,TEMPLETON DEVELOPMENT CENTER,TEMPLETON (BALDWINVILLE),WORCESTER,MA,Non-Major,42.591474,-72.116216,8211,8211,ELEMENTARY & SECONDARY SCHOOLS,10802020204,Beaver Brook-Millers River,172.3920174,13.019643,0,13.019643,1.438833333,15,0.019297,,,https://echo.epa.gov/detailed-facility-report?fid=MA0102156&sys=ICP
2013,ICIS,CT0026808,1.1E+11,"SEIDEL, INC.",WATERBURY,NEW HAVEN,CT,Major,41.60094,-73.05825,3471,3471,PLATING AND POLISHING,11000051105,Northfield Brook-Naugatuck River,148.3239393,0,0,0,88.30847764,139.2149541,0.0170995,,,https://echo.epa.gov/detailed-facility-report?fid=CT0026808&sys=ICP
2013,ICIS,CT0101052,1.1001E+11,SHARON WATER POLLUTION CONTROL FACILITY,SHARON,LITCHFIELD,CT,Non-Major,41.88358,-73.48861,4952,4952,SEWERAGE SYSTEMS,11000050502,Mudge Pond Brook,137.5925887,0,0,0,0.208,0.39,0.08275,,,https://echo.epa.gov/detailed-facility-report?fid=CT0101052&sys=ICP
2013,ICIS,VT0101044,1.10011E+11,WHITINGHAM (JACKSONVILLE),JACKSONVILLE,WINDHAM COUNTY,VT,Non-Major,42.7853,-72.81453,,,,10802030301,East Branch North River,126.190386,0,0,0,2.8,2.8,0.026166667,,,https://echo.epa.gov/detailed-facility-report?fid=VT0101044&sys=ICP
2013,ICIS,NY0030767,1.1002E+11,OAKRIDGE STP,SOUTH SALEM,WESTCHESTER,NY,Non-Major,41.213403,-73.518449,4952,4952,SEWERAGE SYSTEMS,11000060401,Rippowam River,112.5816189,0,0,0,0.727450981,1.235294118,0.050833333,,,https://echo.epa.gov/detailed-facility-report?fid=NY0030767&sys=ICP
2013,ICIS,CT0101818,1.10011E+11,"CONVENT OF THE SACRED HEART SCHOOL GREENWICH, INC.",GREENWICH,FAIRFIELD,CT,Non-Major,41.06406,-73.69544,4952,4952,SEWERAGE SYSTEMS,11000060405,Blind Brook-Horseneck Brook,88.86338742,0,0,0,4.8325,7.89,0.005574167,,,https://echo.epa.gov/detailed-facility-report?fid=CT0101818&sys=ICP
2013,ICIS,CT0030155,1.10002E+11,TILCON CONNECTICUT AGGREGATE & ASPHALT,NEWINGTON,HARTFORD,CT,Non-Major,41.71873,-72.7152,1429,1429,"CRUSHED AND BROKEN STONE, NEC",10802050303,Piper Brook-Park River,87.28392867,0,0,0,0.88805,1.965,0.014187417,,,https://echo.epa.gov/detailed-facility-report?fid=CT0030155&sys=ICP
2013,ICIS,CT0021873,1.10034E+11,GBC METALS LLC SOMERS THIN STRIP,WATERBURY,NEW HAVEN,CT,Major,41.534338,-73.032406,3351,3351,ROLL/DRAW/EXTRUDING OF COPPER,11000051205,Long Meadow Pond Brook-Naugatuck River,84.04158892,0,0,0,0.11,0.4,0.026400194,,,https://echo.epa.gov/detailed-facility-report?fid=CT0021873&sys=ICP
2013,ICIS,CT0029530,1.10009E+11,TA OPERATING LLC,WILLINGTON,TOLLAND,CT,Non-Major,41.91852,-72.26036,4215,4215,"COURIER SERVICES, EXCEPT AIR",11000020104,Roaring Brook,74.1625815,0,0,0,2.53,8.04,0.00516,,,https://echo.epa.gov/detailed-facility-report?fid=CT0029530&sys=ICP
2013,ICIS,CT0003093,1.10001E+11,NRG NORWALK HARBOR POWER STATION,NORWALK,FAIRFIELD,CT,Major,41.072972,-73.410237,4911,4911,ELECTRICAL SERVICES,11000060202,Norwalk River-Frontal Norwalk Harbor,69.21204215,0,0,0,3.877142857,13.3,3.104714542,,,https://echo.epa.gov/detailed-facility-report?fid=CT0003093&sys=ICP
2013,ICIS,CT0000841,1.10001E+11,"KING INDUSTRIES, INC.",NORWALK,FAIRFIELD COUNTY,CT,Non-Major,41.108491,-73.41271,2869,2869,INDUST. ORGANIC CHEMICALS NEC,11000060202,Norwalk River-Frontal Norwalk Harbor,63.41204604,0,0,0,0.8725,1.295,0.01596225,,,https://echo.epa.gov/detailed-facility-report?fid=CT0000841&sys=ICP
2013,ICIS,NY0274526,1.10063E+11,PEACH LAKE SEWER DISTRICT WWTP,"SOUTHEAST, TOWN OF",PUTNAM,NY,Non-Major,41.21159,-73.51961,4952,4952,SEWERAGE SYSTEMS,11000060401,Rippowam River,62.64156745,15.39577695,0,15.39577695,0.521568628,3.45882353,0.043333333,,,https://echo.epa.gov/detailed-facility-report?fid=NY0274526&sys=ICP
2013,ICIS,CT0028631,1.10002E+11,UNIVERSITY OF CONNECTICUT,GROTON,NEW LONDON,CT,Non-Major,41.315821,-72.062687,8221,8221,"COLLEGES, UNIV & PROF SCHOOLS",11000030303,Stony Brook-Frontal Fishers Island Sound,52.90513655,0,0,0,0.016666667,0.016666667,0.291654417,,,https://echo.epa.gov/detailed-facility-report?fid=CT0028631&sys=ICP
2013,ICIS,CT0090182,1.10003E+11,NATIONAL MARINE FISHERIES,MILFORD,NEW HAVEN,CT,Non-Major,41.21171,-73.05407,8731,8731,COMMERCIAL PHYSICAL RESEARCH,11000040303,Milford Harbor-Frontal Long Island Sound,43.28450421,0,0,0,0.025,0.1,0.328049,,,https://echo.epa.gov/detailed-facility-report?fid=CT0090182&sys=ICP
2013,ICIS,CT0003751,1.10055E+11,FUSION PAPERBOARD CT LLC,VERSAILLES,NEW LONDON,CT,Non-Major,41.619983,-72.042277,2631,2631,PAPERBOARD MILLS,11000020302,Little River,42.18364332,0,0,0,0.115,0.22,2.521666667,,,https://echo.epa.gov/detailed-facility-report?fid=CT0003751&sys=ICP
2013,ICIS,CT0001376,1.10065E+11,"UNITED TECHNOLOGIES CORPORATION, PRATT AND WHITNEY DIVISION",EAST HARTFORD,HARTFORD COUNTY,CT,Major,41.740541,-72.640907,3724,3724,AIRCRAFT ENGINES & ENGINE PART,10802050505,Goff Brook-Connecticut River,40.78122919,0,0,0,1.664375,4.82,0.102186542,,,https://echo.epa.gov/detailed-facility-report?fid=CT0001376&sys=ICP
2013,ICIS,NY0260312,1.1001E+11,"MOUNT VERNON DPW, CITY YARD",MOUNT VERNON,WESTCHESTER,NY,Non-Major,40.895833,-73.822222,7538,7538,GENERAL AUTO REPAIR SHOPS,20301020201,Hutchinson River-Eastchester Bay,31.85021578,22.23571389,0,22.23571389,3.894416667,11.9,0.001094,,Y,https://echo.epa.gov/detailed-facility-report?fid=NY0260312&sys=ICP
2013,ICIS,NY0005894,1.10007E+11,GLENWOOD ENERGY CENTER - OLD TURB,GLENWOOD LANDING,NASSAU,NY,Non-Major,40.82517,-73.64703,4911,4911,ELECTRICAL SERVICES,20302010103,Glen Cove Creek-Hempstead Harbor,26.15512744,0,0,0,9.7,18,0.000341574,,,https://echo.epa.gov/detailed-facility-report?fid=NY0005894&sys=ICP
2013,ICIS,CT0003701,1.10041E+11,ALLEGHENY LUDLUM STEEL STRIP PLANT,WALLINGFORD,NEW HAVEN,CT,Major,41.45405,-72.8345,3316,3316,COLD ROLLED STEEL SHEET/STRIP,11000040105,Outlet Quinnipiac River,25.46341717,0,0,0,0.0375,0.15,0.033829208,,,https://echo.epa.gov/detailed-facility-report?fid=CT0003701&sys=ICP
2013,ICIS,MA0005282,1.10065E+11,USM CORP TEXON DIV-RUSSELL,RUSSELL,HAMPDEN,MA,Major,42.2233,-72.86853,2621,2621,PAPER MILLS,10802060301,Moose Meadow Brook-Westfield River,19.41462457,0,0,0,0.67,0.67,0.004666667,,,https://echo.epa.gov/detailed-facility-report?fid=MA0005282&sys=ICP
2013,ICIS,CT0100528,1.10002E+11,SOUTHBURY TRAINING SCHOOL,SOUTHBURY,NEW HAVEN,CT,Non-Major,41.493017,-73.259234,8249,8249,"VOCATIONAL SCHOOLS, NEC",11000050903,Pomperaug River,18.18092994,0,0,0,0.2,0.3,0.0656,,,https://echo.epa.gov/detailed-facility-report?fid=CT0100528&sys=ICP
2013,ICIS,CT0003131,1.10065E+11,TRINSEO LLC,LEDYARD,NEW LONDON,CT,Major,41.44167,-72.07892,2819,2819,INDUSTRIAL INORGANIC CHEMICALS,11000030203,Thames River-Frontal New London Harbor,16.96202595,0,0,0,0.3775,0.91,0.006564854,,,https://echo.epa.gov/detailed-facility-report?fid=CT0003131&sys=ICP
2013,ICIS,MA0001350,1.1E+11,LS STARRETT PRECISION TOOLS,ATHOL,WORCESTER,MA,Major,42.595325,-72.226707,3545,3545,MACHINE TOOL ACCESSORIES,10802020204,Beaver Brook-Millers River,10.58923738,0,0,0,0.275058824,0.275058824,0.006935115,,,https://echo.epa.gov/detailed-facility-report?fid=MA0001350&sys=ICP
2013,ICIS,NY0105741,1.10008E+11,FOX LANE CAMPUS,BEDFORD,WESTCHESTER,NY,Non-Major,41.18632,-73.63554,8999,8999,"SERVICES, NEC",11000060402,Mianus River,5.87385318,0,0,0,0.232647059,1.342352942,0.00735,,,https://echo.epa.gov/detailed-facility-report?fid=NY0105741&sys=ICP
2013,ICIS,CT0026212,1.10011E+11,IBM CORPORATION,SOUTHBURY,NEW HAVEN,CT,Non-Major,41.469707,-73.213669,7371,7371,CUSTOM COMPUTER PROG SERVICES,11000050903,Pomperaug River,5.449471729,0,0,0,0.19475,0.48,0.010891667,,,https://echo.epa.gov/detailed-facility-report?fid=CT0026212&sys=ICP
2013,ICIS,CT0003107,1.10031E+11,NRG DEVON STATION POWER PLANT,MILFORD,NEW HAVEN,CT,Major,41.209171,-73.108209,4911,4911,ELECTRICAL SERVICES,11000051302,Housatonic River-Frontal Long Island Sound,5.142,0,0,0,0.255766284,2.330500349,0.009505083,,,https://echo.epa.gov/detailed-facility-report?fid=CT0003107&sys=ICP
2013,ICIS,CT0003115,1.1E+11,NRG MONTVILLE POWER STATION,MONTVILLE (UNCASVILLE),NEW LONDON,CT,Major,41.427387,-72.102263,4911,4911,ELECTRICAL SERVICES,11000030203,Thames River-Frontal New London Harbor,3.801396529,0,0,0,0.156909091,0.306666667,18.19092483,,,https://echo.epa.gov/detailed-facility-report?fid=CT0003115&sys=ICP
2013,ICIS,CT0002968,1.1E+11,ANSONIA COPPER & BRASS,ANSONIA,NEW HAVEN,CT,Major,41.35053,-73.08159,3351,3351,ROLL/DRAW/EXTRUDING OF COPPER,11000051207,Bladens River-Naugatuck River,3.404372746,0,0,0,0.080416667,0.285,0.0015215,,,https://echo.epa.gov/detailed-facility-report?fid=CT0002968&sys=ICP
2013,ICIS,MA0027871,1.10007E+11,"MAPLES, THE",WORTHINGTON,HAMPSHIRE,MA,Non-Major,42.41346,-72.93702,6513,6513,OPERATORS OF APART BUILDINGS,10802060105,Little River-Westfield River,0.446273302,0,0,0,0.155714286,0.37,0.0007,,,https://echo.epa.gov/detailed-facility-report?fid=MA0027871&sys=ICP
2013,ICIS,MA0040355,1.10012E+11,IPG PHOTONICS CORPORATION,OXFORD,WORCESTER,MA,Non-Major,42.081383,-71.881184,3674,3674,SEMICONDUCTORS & RELATED DEVIC,11000010203,Middle French River,0.39803252,0,0,0,0.243670251,0.609677419,0.00100875,,,https://echo.epa.gov/detailed-facility-report?fid=MA0040355&sys=ICP
2013,ICIS,CT0020826,1.10001E+11,AUTOSWAGE PRODUCTS,SHELTON,FAIRFIELD,CT,Major,41.26943,-73.09172,3559,3559,"SPECIAL INDUSTRY MACHINERY,NEC",11000051302,Housatonic River-Frontal Long Island Sound,0.053451493,0,0,0,0.21,0.21,0.007151625,,,https://echo.epa.gov/detailed-facility-report?fid=CT0020826&sys=ICP
2013,ICIS,MA0100161,1.10009E+11,ROYALSTON WASTEWATER TREATMENT PLANT,ROYALSTON,WORCESTER,MA,Non-Major,42.62896,-72.15324,4952,4952,SEWERAGE SYSTEMS,10802020204,Beaver Brook-Millers River,0.000197949,0,0,0,2.719892473,2.966666667,0.003756268,,,https://echo.epa.gov/detailed-facility-report?fid=MA0100161&sys=ICP
2013,ICIS,CT0101419,1.10007E+11,SCHOOL SISTERS OF NOTRE DAME,WILTON,FAIRFIELD,CT,Non-Major,41.1725,-73.43844,8051,8051,SKILLED NURSING CARE FACILITIE,11000060202,Norwalk River-Frontal Norwalk Harbor,3.94341E-05,0,0,0,0.842,2.37,1.536E-08,,,https://echo.epa.gov/detailed-facility-report?fid=CT0101419&sys=ICP
2013,ICIS,CT0020800,1.1001E+11,"HIGH TOWERS TRADING, LLC",GREENWICH,FAIRFIELD,CT,Non-Major,41.07411,-73.70177,,,,11000060405,Blind Brook-Horseneck Brook,2.4003E-05,0,0,0,1.953333333,5.69,4.05833E-09,,,https://echo.epa.gov/detailed-facility-report?fid=CT0020800&sys=ICP
2013,ICIS,NY0020079,1.10002E+11,GREENPORT POWER PLANT,GREENPORT,SUFFOLK,NY,Major,41.108361,-72.38575,4952,4952,SEWERAGE SYSTEMS,20302010402,Goldsmith Inlet-Mattituck Creek,0,0,0,0,0,0,0.13475,,,https://echo.epa.gov/detailed-facility-report?fid=NY0020079&sys=ICP
2013,ICIS,CT0101346,1.10009E+11,"LYNWOOD PLACE, LLC",SANDY HOOK,FAIRFIELD,CT,Non-Major,41.4322,-73.27559,4952,4952,SEWERAGE SYSTEMS,11000051001,Pootatuck River,0,0,0,0,0,0,0,,,https://echo.epa.gov/detailed-facility-report?fid=CT0101346&sys=ICP
2013,ICIS,NH0021415,1.10004E+11,NEW ENGLAND ELECTRIC TRANS CO,MONROE,GRAFTON,NH,Non-Major,44.316728,-71.991204,4911,4911,ELECTRICAL SERVICES,10801030205,McIndoe Falls-Connecticut River,0,0,0,0,0,0,0,,,https://echo.epa.gov/detailed-facility-report?fid=NH0021415&sys=ICP
2013,ICIS,CT0021504,1.1E+11,ROGERS CORPORATION,WOODSTOCK,WINDHAM,CT,Non-Major,41.98372,-71.97631,1752,1752,FLOOR LAY & OTHER FLOOR WORK,11000010401,Little River,0,0,0,0,0,0,0,,,https://echo.epa.gov/detailed-facility-report?fid=CT0021504&sys=ICP
2013,ICIS,NH0001562,1.1E+11,GROVETON PAPER BOARD MILL (FORMER),NORTHUMBERLAND,COOS,NH,Major,44.598865,-71.510138,2621,2621,PAPER MILLS,10801010707,Upper Ammonoosuc River,0,0,0,0,0,0,0,,,https://echo.epa.gov/detailed-facility-report?fid=NH0001562&sys=ICP
2013,ICIS,NH0000744,1.10011E+11,NH DES,WHITEFIELD,COOS,NH,Non-Major,44.323049,-71.560259,921,921,FISH HATCHERIES AND PRESERVES,10801030102,Johns River,0,0,0,0,0,0,0.96075,,,https://echo.epa.gov/detailed-facility-report?fid=NH0000744&sys=ICP
2013,ICIS,MA0040312,1.10001E+11,PITTSFIELD SAND & GRAVEL,PITTSFIELD,BERKSHIRE ,MA,Non-Major,42.45462,-73.21171,1442,1442,CONSTRUCTION SAND AND GRAVEL,11000050103,East Branch Housatonic River,0,0,0,0,0,0,0,,,https://echo.epa.gov/detailed-facility-report?fid=MA0040312&sys=ICP
2013,ICIS,CT0003441,1.1001E+11,"WINDSOR-STEVENS, INC.",WINDSOR,HARTFORD,CT,Non-Major,41.912483,-72.687101,2611,2611,PULP MILLS,10802070602,Mill Brook-Farmington River,0,0,0,0,0,0,0,,,https://echo.epa.gov/detailed-facility-report?fid=CT0003441&sys=ICP
2013,ICIS,CT0100081,1.10001E+11,"CHESIRE,WATER POLLUTION CONTROL FACILITY",CHESHIRE,NEW HAVEN,CT,Major,41.53378,-72.86655,4952,4952,SEWERAGE SYSTEMS,11000040103,Headwaters Quinnipiac River,0,0,0,0,0,0,2.6275,,,https://echo.epa.gov/detailed-facility-report?fid=CT0100081&sys=ICP
2013,ICIS,NYR00E884,1.10042E+11,DOVER MINE,DOVER PLAINS,DUTCHESS,NY,Non-Major,41.691,-73.582,1442,1442,CONSTRUCTION SAND AND GRAVEL,11000050505,Swamp River,0,0,0,0,0,0,,,,https://echo.epa.gov/detailed-facility-report?fid=NYR00E884&sys=ICP
2013,ICIS,NYR00D814,1.10018E+11,H.O. PENN MACHINERY CO,BRONX,BRONX,NY,Non-Major,40.819,-73.837,5082,5082,CONST & MINING MACHINE & EQUIP,20301020105,Westchester Creek-East River,0,0,0,0,1.866666667,2.5,,,,https://echo.epa.gov/detailed-facility-report?fid=NYR00D814&sys=ICP
2013,ICIS,NH0000621,1.1001E+11,BERLIN STATE FISH HATCHERY,BERLIN,COOS,NH,Non-Major,44.505428,-71.334325,921,921,FISH HATCHERIES AND PRESERVES,10801010701,Headwaters Upper Ammonoosuc River,0,0,0,0,0,0,2.01875,,,https://echo.epa.gov/detailed-facility-report?fid=NH0000621&sys=ICP
2013,ICIS,CT0027201,1.10009E+11,DEPT. OF TRANSPORTATION,GREENWICH,FAIRFIELD,CT,Non-Major,41.014357,-73.638416,4212,4212,LOCAL TRUCKING WITHOUT STORAGE,11000060405,Blind Brook-Horseneck Brook,0,0,0,0,3.57,3.57,,,,https://echo.epa.gov/detailed-facility-report?fid=CT0027201&sys=ICP
2013,ICIS,MA0040482,1.10065E+11,WEST PARISH WATER TREATMENT PLANT,WESTFIELD,HAMPDEN,MA,Non-Major,42.1156,-72.83238,,,,10802060303,Little River,0,0,0,0,0,0,1.298083333,,,https://echo.epa.gov/detailed-facility-report?fid=MA0040482&sys=ICP
2013,ICIS,CT0030465,1.10031E+11,HAYNES MATERIALS COMPANY,DEEP RIVER,MIDDLESEX,CT,Non-Major,41.364706,-72.465156,1411,1411,DIMENSION STONE,10802050901,Deep River-Connecticut River,0,0,0,0,0,0,0,,,https://echo.epa.gov/detailed-facility-report?fid=CT0030465&sys=ICP
2013,ICIS,CT0026123,1.10012E+11,MERIDEN MUNICIPAL LANDFILL,MERIDEN,NEW HAVEN,CT,Non-Major,41.511446,-72.82824,4953,4953,REFUSE SYSTEMS,11000040105,Outlet Quinnipiac River,0,0,0,0,0,0,0,,,https://echo.epa.gov/detailed-facility-report?fid=CT0026123&sys=ICP
2013,ICIS,MA0032573,1.10009E+11,NORTHFIELD MOUNT HERMON SCHOOL WASTEWATER TREATMENT PLANT,GILL,FRANKLIN,MA,Non-Major,42.63016,-72.51697,4952,4952,SEWERAGE SYSTEMS,10802010503,Dry Brook-Connecticut River,0,0,0,0,18.15,23.7,0.086666667,,,https://echo.epa.gov/detailed-facility-report?fid=MA0032573&sys=ICP
2013,ICIS,CT0026298,1.1E+11,AES THAMES POWER PLANT,MONTVILLE (UNCASVILLE),NEW LONDON,CT,Major,41.43423,-72.0976,4931,4931,ELEC & OTHER SERVICES COMBINED,11000030203,Thames River-Frontal New London Harbor,0,0,0,0,0,0,0.004618182,,,https://echo.epa.gov/detailed-facility-report?fid=CT0026298&sys=ICP
2013,ICIS,NH0021423,1.1001E+11,PINETREE POWER,BETHLEHEM,GRAFTON,NH,Non-Major,44.328297,-71.690298,4911,4911,ELECTRICAL SERVICES,10801030403,Baker Brook-Ammonoosuc River,0,0,0,0,0,0,0.000333333,,,https://echo.epa.gov/detailed-facility-report?fid=NH0021423&sys=ICP
2013,ICIS,MA0005371,1.10044E+11,SCHWEITZER-MAUDUIT COLUMBIA MILL (FORMER),LEE,BERKSHIRE,MA,Major,42.332204,-73.246755,2621,2621,PAPER MILLS,11000050104,Sackett Brook-Housatonic River,0,0,0,0,0,0,0,,,https://echo.epa.gov/detailed-facility-report?fid=MA0005371&sys=ICP
2013,ICIS,NY0023311,1.10002E+11,SCSD#6 - KINGS PARK STP,KINGS PARK,SUFFOLK,NY,Major,40.895719,-73.231024,4952,4952,SEWERAGE SYSTEMS,20302010302,Nissequogue River,0,0,0,0,3.783333333,14.1,,,,https://echo.epa.gov/detailed-facility-report?fid=NY0023311&sys=ICP
2013,ICIS,NYR00C613,1.10033E+11,J & J LOG AND LUMBER CORP,DOVER PLAINS,DUTCHESS,NY,Non-Major,41.686,-73.565,2411,2411,LOGGING CAMPS/LOGGING CONTRACT,11000050506,Tenmile River,0,0,0,0,2.0625,2.89,,,,https://echo.epa.gov/detailed-facility-report?fid=NYR00C613&sys=ICP
2013,ICIS,MA0001147,1.1E+11,SOLUTIA CHEMICAL MANUFACTURING PLANT,SPRINGFIELD,HAMPDEN,MA,Non-Major,42.154981,-72.526419,2821,2821,PLSTC MAT./SYN RESINS/NV ELAST,10802040402,Outlet Chicopee River,0,0,0,0,0,0,0.29644148,,,https://echo.epa.gov/detailed-facility-report?fid=MA0001147&sys=ICP
2013,ICIS,NY0026999,1.10001E+11,VILLAGE OF GREAT NECK STP,GREAT NECK,NASSAU,NY,Major,40.797722,-73.712139,4952,4952,SEWERAGE SYSTEMS,20302010102,Mitchells Creek-Manhassett Bay,0,0,0,0,10.97133333,30.74,,,,https://echo.epa.gov/detailed-facility-report?fid=NY0026999&sys=ICP
2013,ICIS,NYR00F294,1.10055E+11,WASSAIC PIT,AMENIA,DUTCHESS,NY,Non-Major,41.882,-73.561,1442,1442,CONSTRUCTION SAND AND GRAVEL,11000050504,Wassaic Creek,0,0,0,0,0,0,,,,https://echo.epa.gov/detailed-facility-report?fid=NYR00F294&sys=ICP
2013,ICIS,NYR00E083,1.10007E+11,AMENIA SAND & GRAVEL,AMENIA,DUTCHESS,NY,Non-Major,41.84088,-73.50957,2951,2951,PAVING MIXTURES AND BLOCKS,11000050503,Outlet Webatuck Creek,0,0,0,0,0.07,0.07,,,,https://echo.epa.gov/detailed-facility-report?fid=NYR00E083&sys=ICP
2013,ICIS,MA0001503,1.1001E+11,JPS ELASTOMERICS CORP,EASTHAMPTON,HAMPSHIRE,MA,Non-Major,42.25437,-72.69332,3081,3081,UNSUPPORTED PLSTICS FILM/SHEET,10802010609,Lower Manhan River,0,0,0,0,0,0,0.001819002,,,https://echo.epa.gov/detailed-facility-report?fid=MA0001503&sys=ICP
2013,ICIS,NY0098868,1.10033E+11,TACONIC DDSO,WASSAIC,DUTCHESS,NY,Non-Major,41.775056,-73.566972,8999,8999,"SERVICES, NEC",11000050506,Tenmile River,0,0,0,0,1.066666667,1.5,0.001406667,,,https://echo.epa.gov/detailed-facility-report?fid=NY0098868&sys=ICP
2013,ICIS,NH0001619,1.10001E+11,ARMY COLD REGIONS RESEARCH & ENGINEERING LAB,HANOVER,GRAFTON,NH,Non-Major,43.72469,-72.27294,9711,9711,NATIONAL SECURITY,10801040402,Blood Brook-Connecticut River,0,0,0,0,0,0,0.6065,,,https://echo.epa.gov/detailed-facility-report?fid=NH0001619&sys=ICP
2013,ICIS,CT0026972,1.10001E+11,STERLING ENERGY WASTE TIRE INCINERATION FAC,STERLING,WINDHAM,CT,Non-Major,41.7122,-71.8212,4931,4931,ELEC & OTHER SERVICES COMBINED,11000010503,Lower Moosup River,0,0,0,0,0,0,0,,,https://echo.epa.gov/detailed-facility-report?fid=CT0026972&sys=ICP
2013,ICIS,CT0030333,1.10002E+11,THAMES SHIPYARD & REPAIR,NEW LONDON,NEW LONDON,CT,Non-Major,41.37857,-72.09967,,,,11000030203,Thames River-Frontal New London Harbor,0,0,0,0,0,0,1.1347,,,https://echo.epa.gov/detailed-facility-report?fid=CT0030333&sys=ICP
2013,ICIS,CT0030473,1.10041E+11,PLAINFIELD RENEWABLE ENRGY LLC,PLAINFIELD,WINDHAM,CT,Non-Major,41.66084,-71.92495,4911,4911,ELECTRICAL SERVICES,11000010702,Mill Brook,0,0,0,0,0,0,0.00899,,,https://echo.epa.gov/detailed-facility-report?fid=CT0030473&sys=ICP
2013,ICIS,NYR00F018,1.10044E+11,MAGELLAN AEROSPACE NY CORONA,CORONA,QUEENS,NY,Non-Major,40.742,-73.865,3471,3471,PLATING AND POLISHING,20301020104,Flushing Creek-Flushing Bay,0,0,0,0,0,0,,,,https://echo.epa.gov/detailed-facility-report?fid=NYR00F018&sys=ICP
2013,ICIS,CT0030562,1.10002E+11,UNIVERSITY OF CONNECTICUT,GROTON,NEW LONDON,CT,Non-Major,41.315821,-72.062687,,,,11000030303,Stony Brook-Frontal Fishers Island Sound,0,0,0,0,0,0,0.0864,,,https://echo.epa.gov/detailed-facility-report?fid=CT0030562&sys=ICP
2013,ICIS,CT0030431,1.10014E+11,HYPONEX CORPORATION,LEBANON,NEW LONDON,CT,Non-Major,41.640707,-72.17095,711,711,SOIL PREPARATION SERVICES,11000030102,Susquetonscut Brook,0,0,0,0,0.0455,0.091,,,,https://echo.epa.gov/detailed-facility-report?fid=CT0030431&sys=ICP
